Name,Team,W,L,ERA,G,GS,CG,ShO,SV,HLD,BS,IP,TBF,H,R,ER,HR,BB,IBB,HBP,WP,BK,SO
Neftali Feliz,LAD,0,0,0,3,0,0,0,0,0,0,3,10,1,0,0,0,0,0,0,0,0,1
Tommy Hunter,NYM,0,0,0,4,1,0,0,0,0,0,8,33,4,0,0,0,3,0,1,1,0,6
Oliver Perez,CLE,0,1,0,5,0,0,0,0,0,0,3.2,18,5,1,0,0,1,1,0,0,0,4
Mitch Moreland,OAK,0,0,0,1,0,0,0,0,0,0,1,4,1,0,0,0,0,0,0,0,0,1
Charlie Culberson,TEX,0,0,0,2,0,0,0,0,0,0,2,7,2,0,0,0,0,0,0,0,0,0
Anthony Rizzo,CHC,0,0,0,1,0,0,0,0,0,0,0.2,3,0,0,0,0,1,0,0,0,0,1
Pedro Strop,CHC,1,0,0,2,0,0,0,0,0,0,2,10,2,0,0,0,2,0,0,0,0,3
Asdrubal Cabrera,ARI,0,0,0,2,0,0,0,0,0,0,1.1,4,1,0,0,0,0,0,0,0,0,0
Justin Turner,LAD,0,0,0,1,0,0,0,0,0,0,1,5,2,0,0,0,0,0,0,0,0,0
Marwin Gonzalez,BOS,0,0,0,1,0,0,0,0,0,0,1,3,0,0,0,0,0,0,0,0,0,0
Hernan Perez,WSN,0,0,0,2,0,0,0,0,0,0,2,7,1,0,0,0,0,0,0,0,0,2
Matt Carpenter,STL,0,0,0,1,0,0,0,0,0,0,1.1,6,2,0,0,0,0,0,1,0,0,0
AJ Ramos,LAA,0,0,0,4,0,0,0,0,0,0,4.2,16,0,0,0,0,2,0,0,0,0,3
Brock Holt,TEX,0,0,0,1,0,0,0,0,0,0,1,3,1,0,0,0,0,0,0,0,0,0
Ryan Weber,MIL,0,0,0,1,0,0,0,0,0,0,1,3,1,0,0,0,0,0,0,0,0,0
Adam Eaton,LAA,0,0,0,1,0,0,0,0,0,0,1,5,2,0,0,0,0,0,0,0,0,0
Mike Freeman,CIN,0,0,0,1,0,0,0,0,0,0,0.1,1,0,0,0,0,0,0,0,0,0,1
Hanser Alberto,KCR,0,0,0,1,0,0,0,0,0,0,0.1,1,0,0,0,0,0,0,0,0,0,0
Michael Feliz,OAK,0,0,0,1,0,0,0,0,0,0,0.1,3,1,0,0,0,1,0,0,0,0,0
Domingo Tapia,SEA,0,0,0,2,0,0,0,0,0,0,2,11,4,0,0,0,1,0,0,0,0,1
Kevin Pillar,NYM,0,0,0,1,0,0,0,0,0,0,0.1,1,0,0,0,0,0,0,0,0,0,0
DJ Johnson,TBR,0,0,0,3,0,0,0,0,0,0,2.2,8,0,0,0,0,0,0,0,0,0,2
Rafael Montero,HOU,0,1,0,4,0,0,0,0,0,0,6,21,3,1,0,0,2,0,0,0,0,5
Phillip Evans,PIT,0,0,0,1,0,0,0,0,0,0,1,3,0,0,0,0,0,0,0,0,0,0
Joe Biagini,CHC,1,0,0,1,0,0,0,0,0,0,3,13,2,0,0,0,1,0,1,0,0,2
Brandon Brennan,BOS,0,0,0,1,0,0,0,0,0,0,3,11,3,0,0,0,2,0,0,0,0,1
Joey Krehbiel,TBR,0,0,0,1,0,0,0,0,0,0,1,4,0,0,0,0,1,0,0,0,0,2
Kevin Plawecki,BOS,0,0,0,1,0,0,0,0,0,0,1,3,0,0,0,0,0,0,0,0,0,0
Matt Duffy,CHC,0,0,0,1,0,0,0,0,0,0,0.1,1,0,0,0,0,0,0,0,0,0,0
Daniel Robertson,MIL,0,0,0,1,0,0,0,0,0,0,1,4,1,0,0,0,0,0,0,0,0,0
Wyatt Mathisen,ARI,0,0,0,1,0,0,0,0,0,0,1,4,1,0,0,0,0,0,0,0,0,0
Harold Castro,DET,0,0,0,3,0,0,0,0,0,0,2.2,11,0,0,0,0,3,0,0,0,0,0
Pat Valaika,BAL,0,0,0,2,0,0,0,0,0,0,1.1,5,0,0,0,0,0,0,0,0,0,0
Andrew Knapp,PHI,0,0,0,1,0,0,0,0,0,0,0.1,1,0,0,0,0,0,0,0,0,0,0
Jack Mayfield,SEA,0,0,0,1,0,0,0,0,0,0,0.1,1,0,0,0,0,0,0,0,0,0,0
Yefry Ramirez,LAD,0,0,0,1,0,0,0,0,0,0,2,6,0,0,0,0,1,0,0,0,0,2
Luis Severino,NYY,1,0,0,4,0,0,0,0,1,0,6,22,2,0,0,0,1,0,1,0,0,8
Akeem Bostick,NYM,0,0,0,1,0,0,0,0,0,0,1,4,0,0,0,0,1,0,0,0,0,0
Chris Ellis,TBR,1,0,0,1,0,0,0,0,0,0,4,16,3,0,0,0,1,0,0,1,0,7
Austin Slater,SFG,0,0,0,1,0,0,0,0,0,0,0.1,2,0,0,0,0,1,0,0,0,0,0
Brad Wieck,CHC,0,0,0,15,0,0,0,0,1,0,17,71,10,0,0,0,10,0,0,0,0,28
Sergio Alcantara,CHC,0,0,0,1,0,0,0,0,0,0,0.1,1,0,0,0,0,0,0,0,0,0,0
Christian Arroyo,BOS,0,0,0,1,0,0,0,0,0,0,1,5,1,2,0,1,1,0,0,0,0,0
James Norwood,SDP,0,0,0,5,0,0,0,0,0,0,5,23,6,0,0,0,3,0,0,0,0,3
Conner Greene,LAD,0,0,0,2,0,0,0,0,0,0,2,8,2,0,0,0,0,0,0,1,0,2
Joshua Fuentes,COL,0,0,0,1,0,0,0,0,0,0,1,4,1,0,0,0,0,0,0,0,0,0
Max Schrock,CIN,0,0,0,2,0,0,0,0,0,0,1.2,6,0,0,0,0,0,0,0,0,0,1
Jake Cronenworth,SDP,0,0,0,1,0,0,0,0,0,0,0.2,3,1,0,0,0,0,0,0,0,0,1
Ka'ai Tom,OAK,0,0,0,1,0,0,0,0,0,0,1,4,1,0,0,0,0,0,0,0,0,0
Jay Flaa,BAL,0,0,0,1,0,0,0,0,0,0,1.1,5,0,0,0,0,2,0,0,0,0,1
Brandon Waddell,BAL,0,0,0,1,0,0,0,0,0,0,1,4,0,0,0,0,1,0,0,0,0,0
Connor Overton,TOR,0,0,0,4,0,0,0,0,0,0,6.2,24,4,0,0,0,2,0,0,1,0,4
Danny Mendick,CHW,0,0,0,1,0,0,0,0,0,0,1,5,1,0,0,0,0,0,1,0,0,1
Zack Burdi,BAL,0,0,0,1,0,0,0,0,0,0,1,4,0,0,0,0,1,0,0,0,0,1
Seranthony Dominguez,PHI,0,0,0,1,0,0,0,0,0,0,1,3,0,0,0,0,0,0,0,0,0,1
Andrew Vasquez,LAD,0,0,0,2,0,0,0,0,0,1,1.2,6,1,1,0,0,0,0,0,0,0,3
Devin Smeltzer,MIN,0,0,0,1,0,0,0,0,0,0,4.2,17,1,1,0,0,1,0,2,0,0,3
Sean Poppen,TBR,0,0,0,1,0,0,0,0,0,0,0.2,2,0,0,0,0,0,0,0,0,0,1
Bryan Baker,TOR,0,0,0,1,0,0,0,0,0,0,1,4,1,0,0,0,0,0,0,2,0,1
Kaleb Ort,BOS,0,0,0,1,0,0,0,0,0,0,0.1,3,1,0,0,0,1,0,0,0,0,0
Ty Tice,ATL,0,0,0,1,0,0,0,0,0,0,1,5,1,0,0,0,1,0,0,0,0,0
Kyle Dohy,PHI,0,0,0,1,0,0,0,0,0,0,1,5,1,0,0,0,1,0,0,0,0,1
Andres Munoz,SEA,0,0,0,1,0,0,0,0,0,0,0.2,4,0,0,0,0,2,0,0,0,0,1
Eduard Bazardo,BOS,0,0,0,2,0,0,0,0,0,0,3,12,1,0,0,0,2,0,0,0,0,3
Romy Gonzalez,CHW,0,0,0,1,0,0,0,0,0,0,0.1,1,0,0,0,0,0,0,0,0,0,1
Nick Maton,PHI,0,0,0,1,0,0,0,0,0,0,0.1,1,0,0,0,0,0,0,0,0,0,1
Kervin Castro,SFG,1,1,0,10,0,0,0,0,0,0,13.1,56,13,1,0,0,4,1,0,0,0,13
Angel Rondon,STL,0,0,0,2,0,0,0,0,0,0,2,7,1,0,0,0,1,0,0,0,0,1
Angel Zerpa,KCR,0,1,0,1,1,0,0,0,0,0,5,20,3,2,0,0,1,0,0,0,0,4
Roansy Contreras,PIT,0,0,0,1,1,0,0,0,0,0,3,12,3,0,0,0,1,0,0,0,0,4
Damon Jones,PHI,0,0,0,1,0,0,0,0,0,0,0.1,4,1,0,0,0,2,0,0,0,0,0
Nick Allgeyer,TOR,0,0,0,1,0,0,0,0,0,0,1,3,0,0,0,0,0,0,0,0,0,0
Craig Kimbrel,CHC,2,3,0.49,39,0,0,0,23,0,2,36.2,137,13,6,2,1,13,0,0,3,1,64
Casey Sadler,SEA,0,1,0.67,42,0,0,0,0,15,0,40.1,145,19,4,3,1,10,0,1,2,0,37
Nick Vincent,MIN,1,0,0.71,7,0,0,0,0,0,0,12.2,47,6,1,1,1,5,0,1,0,1,9
Kendall Graveman,SEA,4,0,0.82,30,0,0,0,10,4,2,33,121,15,7,3,2,8,0,3,2,0,34
David Phelps,TOR,0,0,0.87,11,1,0,0,0,4,0,10.1,42,8,2,1,0,4,0,1,0,0,15
Aaron Loup,NYM,6,0,0.95,65,2,0,0,0,16,4,56.2,218,37,9,6,1,16,0,4,0,0,57
Jacob deGrom,NYM,7,2,1.08,15,15,1,1,0,0,0,92,324,40,14,11,6,11,0,1,0,0,146
A.J. Cole,TOR,0,0,1.13,6,0,0,0,1,1,1,8,30,6,1,1,1,1,0,0,0,0,7
Gabe Speier,KCR,0,0,1.17,7,0,0,0,0,0,0,7.2,33,10,3,1,0,0,0,1,0,0,5
Josh Hader,MIL,4,2,1.23,60,0,0,0,34,0,1,58.2,224,25,8,8,3,24,0,2,3,2,102
Peter Solomon,HOU,1,0,1.29,6,0,0,0,0,0,0,14,55,10,2,2,0,8,0,0,2,0,10
Art Warren,CIN,3,0,1.29,26,0,0,0,0,1,0,21,82,11,3,3,1,8,1,1,0,0,34
Emmanuel Clase,CLE,4,5,1.29,71,0,0,0,24,6,5,69.2,279,51,18,10,2,16,3,0,3,1,74
Anthony Gose,CLE,0,0,1.35,6,0,0,0,0,0,0,6.2,24,2,1,1,0,2,0,0,0,0,9
Ranger Suarez,PHI,8,5,1.36,39,12,1,1,4,0,3,106,418,73,20,16,4,33,3,5,1,0,107
Ronald Bolanos,KCR,0,0,1.42,3,0,0,0,0,0,0,6.1,25,4,1,1,0,2,0,0,0,0,10
Dylan Coleman,KCR,0,0,1.42,5,0,0,0,0,0,0,6.1,25,5,1,1,0,1,0,0,1,0,7
Nick Tropeano,SFG,1,0,1.5,4,0,0,0,0,0,0,6,23,4,2,1,0,2,0,0,1,0,2
Ryan Brasier,BOS,1,1,1.5,13,0,0,0,0,3,0,12,50,12,5,2,2,4,0,0,0,0,9
Dominic Leone,SFG,4,5,1.51,57,4,0,0,2,15,2,53.2,219,37,15,9,2,22,1,1,2,0,50
Andrew Chafin,OAK,2,2,1.53,28,0,0,0,5,5,2,29.1,116,24,5,5,3,7,0,0,1,0,27
Reiver Sanmartin,CIN,2,0,1.54,2,2,0,0,0,0,0,11.2,47,12,2,2,0,2,0,0,1,1,11
Collin McHugh,TBR,6,1,1.55,37,7,0,0,1,6,2,64,247,48,15,11,3,12,2,2,2,1,74
Joe Barlow,TEX,0,2,1.55,31,0,0,0,11,3,1,29,111,12,9,5,2,12,0,0,1,0,27
Caleb Baragar,SFG,2,1,1.57,25,0,0,0,2,7,1,23,98,19,7,4,1,12,2,3,0,0,16
Clay Holmes,NYY,5,2,1.61,25,0,0,0,0,5,2,28,103,18,8,5,2,4,0,0,4,0,34
Hunter Strickland,TBR,0,0,1.69,13,0,0,0,0,1,0,16,66,14,4,3,1,6,0,0,1,0,16
Travis Bergen,TOR,2,0,1.69,10,1,0,0,0,0,1,10.2,46,5,2,2,1,8,0,2,0,0,6
Taylor Williams,SDP,0,0,1.69,5,0,0,0,0,1,0,5.1,23,3,1,1,0,3,0,2,0,0,6
Adam Cimber,TOR,2,2,1.69,39,0,0,0,1,5,0,37.1,146,31,10,7,2,5,0,2,0,0,30
Hunter Strickland,MIL,3,2,1.73,35,0,0,0,0,1,0,36.1,142,21,8,7,4,12,0,2,2,0,38
Drew Pomeranz,SDP,1,0,1.75,27,0,0,0,0,13,0,25.2,102,19,6,5,2,10,1,0,1,0,30
Austin Warren,LAA,3,0,1.77,16,0,0,0,1,2,0,20.1,84,16,5,4,0,5,0,1,0,0,20
Julio Teheran,DET,1,0,1.8,1,1,0,0,0,0,0,5,20,4,1,1,1,3,0,0,0,0,3
Scott Blewett,KCR,0,0,1.8,3,0,0,0,0,0,0,5,21,3,1,1,0,5,0,0,0,0,4
Stephen Ridings,NYY,0,0,1.8,5,0,0,0,0,1,0,5,20,4,2,1,0,2,0,0,0,0,7
Jimmy Nelson,LAD,1,2,1.86,28,1,0,0,0,6,1,29,116,14,8,6,0,13,0,4,4,1,44
Andrew Kittredge,TBR,9,3,1.88,57,4,0,0,8,7,1,71.2,282,55,21,15,7,15,5,3,5,0,77
JT Chargois,TBR,5,1,1.9,25,0,0,0,0,6,3,23.2,98,15,5,5,3,14,3,1,0,0,24
Austin Pruitt,MIA,0,0,1.93,4,0,0,0,0,0,0,4.2,17,4,1,1,0,0,0,0,0,0,4
Garrett Whitlock,BOS,8,4,1.96,46,0,0,0,2,14,3,73.1,298,64,22,16,6,17,2,3,3,1,81
Max Scherzer,LAD,7,0,1.98,11,11,0,0,0,0,0,68.1,265,48,17,15,5,8,0,2,2,0,89
Luke Jackson,ATL,2,2,1.98,71,0,0,0,0,31,4,63.2,261,45,15,14,6,29,2,2,3,1,70
Blake Treinen,LAD,6,5,1.99,72,0,0,0,7,32,4,72.1,286,46,20,16,5,25,1,3,3,0,85
Drew Steckenrider,SEA,5,2,2,62,0,0,0,14,7,3,67.2,267,52,16,15,5,17,2,4,0,0,58
Cam Bedrosian,OAK,0,0,2,9,0,0,0,0,0,0,9,38,9,2,2,2,4,0,0,0,0,8
Joe Smith,SEA,3,3,2,23,0,0,0,0,3,3,18,70,12,5,4,1,4,2,0,0,0,17
Shane Baz,TBR,2,0,2.03,3,3,0,0,0,0,0,13.1,49,6,3,3,3,3,0,0,1,0,18
Luis Cessa,CIN,2,1,2.05,24,0,0,0,0,3,0,26.1,100,24,7,6,3,2,0,0,1,0,23
Andrew Chafin,CHC,0,2,2.06,43,0,0,0,0,17,1,39.1,150,21,9,9,1,12,1,2,2,0,37
Pedro Baez,HOU,0,0,2.08,4,0,0,0,0,0,0,4.1,15,2,1,1,1,1,0,0,1,0,5
Dakota Hudson,STL,1,0,2.08,2,1,0,0,0,0,0,8.2,34,7,2,2,0,1,0,1,1,0,6
Drew Hutchison,DET,3,1,2.11,9,2,0,0,0,0,1,21.1,91,20,11,5,1,11,0,0,1,0,10
Jesse Chavez,ATL,3,2,2.14,30,4,0,0,0,2,1,33.2,133,22,9,8,0,11,1,0,3,0,36
Tejay Antone,CIN,2,0,2.14,23,0,0,0,3,8,4,33.2,128,17,8,8,3,13,0,3,1,0,42
Jordan Romano,TOR,7,1,2.14,62,0,0,0,23,5,1,63,253,41,17,15,7,25,0,1,2,0,85
Matt Wisler,TBR,2,3,2.15,27,0,0,0,1,7,2,29.1,113,22,11,7,2,5,1,1,1,1,36
Jonathan Loaisiga,NYY,9,4,2.17,57,0,0,0,5,17,4,70.2,283,56,19,17,3,16,0,3,4,1,69
Daniel Hudson,WSN,4,1,2.2,31,0,0,0,0,14,2,32.2,127,23,9,8,4,7,0,0,1,0,48
Kenley Jansen,LAD,4,4,2.22,69,0,0,0,38,0,5,69,278,36,21,17,4,36,4,2,4,2,86
Tyler Rogers,SFG,7,1,2.22,80,0,0,0,13,30,6,81,326,74,23,20,5,13,0,5,0,0,55
David Bednar,PIT,3,1,2.23,61,0,0,0,3,13,2,60.2,237,40,15,15,5,19,2,1,1,0,77
Mark Melancon,SDP,4,3,2.23,64,0,0,0,39,0,6,64.2,265,54,21,16,4,25,4,1,3,0,59
Aaron Northcraft,SDP,1,0,2.25,5,0,0,0,0,0,0,8,34,5,2,2,1,8,0,0,0,0,5
Reyes Moronta,SFG,0,0,2.25,4,0,0,0,0,2,0,4,13,1,1,1,1,0,0,0,0,0,2
Willians Astudillo,MIN,0,0,2.25,4,0,0,0,0,0,0,4,16,1,1,1,1,2,0,0,0,0,0
Pedro Avila,SDP,0,1,2.25,1,1,0,0,0,0,0,4,20,4,2,1,1,3,0,0,0,0,5
Ryan Pressly,HOU,5,3,2.25,64,0,0,0,26,1,2,64,250,49,19,16,4,13,1,0,3,0,81
Alex Vesia,LAD,3,1,2.25,41,0,0,0,1,9,1,40,161,17,17,10,6,22,3,2,0,0,54
Adam Conley,TBR,0,0,2.29,17,0,0,0,0,0,0,19.2,76,14,5,5,2,6,0,2,0,0,16
Andre Jackson,LAD,0,1,2.31,3,0,0,0,1,0,0,11.2,50,10,3,3,1,6,0,0,0,1,10
Louis Head,TBR,2,0,2.31,27,2,0,0,0,0,0,35,134,21,10,9,2,9,0,3,1,0,32
Michael Feliz,PIT,0,0,2.35,7,0,0,0,0,0,0,7.2,31,8,3,2,0,1,0,0,1,0,8
Kirby Snead,TOR,0,1,2.35,7,0,0,0,0,0,0,7.2,30,7,3,2,0,2,0,1,1,0,7
Jose Alvarez,SFG,5,2,2.37,67,1,0,0,0,8,0,64.2,266,53,23,17,2,19,1,0,1,0,42
Carlos Rodon,CHW,13,5,2.37,24,24,1,1,0,0,0,132.2,534,91,39,35,13,36,1,8,7,0,185
Ryan Thompson,TBR,3,2,2.38,36,0,0,0,0,11,4,34,134,26,11,9,3,9,2,2,1,0,37
Drew Smith,NYM,3,1,2.4,31,1,0,0,0,1,0,41.1,165,28,13,11,7,16,4,2,0,0,41
Scott Barlow,KCR,5,3,2.42,71,0,0,0,16,14,6,74.1,306,61,20,20,4,28,2,2,4,0,91
Corbin Burnes,MIL,11,5,2.43,28,28,0,0,0,0,0,167,657,123,47,45,7,34,0,6,5,0,234
Drew Rasmussen,TBR,4,0,2.44,20,10,0,0,0,1,0,59,230,44,16,16,3,13,0,0,2,0,48
Matt Andriese,SEA,0,0,2.45,8,0,0,0,0,0,0,11,45,10,6,3,0,2,0,1,0,0,12
Nivaldo Rodriguez,HOU,0,0,2.45,4,0,0,0,0,0,0,7.1,31,4,2,2,2,4,0,3,0,0,3
Corey Knebel,LAD,4,0,2.45,27,4,0,0,3,7,2,25.2,101,16,8,7,2,9,1,0,0,1,30
J.P. Feyereisen,TBR,4,2,2.45,34,0,0,0,3,6,1,36.2,157,26,14,10,3,22,0,0,2,0,33
Ryan Burr,CHW,2,1,2.45,34,1,0,0,0,3,1,36.2,151,28,11,10,3,21,0,1,5,0,33
Rony Garcia,DET,0,0,2.45,2,0,0,0,0,0,1,3.2,12,1,1,1,1,2,0,0,0,0,2
Dauri Moreta,CIN,0,0,2.45,4,0,0,0,0,0,0,3.2,14,2,1,1,1,1,0,0,0,0,4
Walker Buehler,LAD,16,4,2.47,33,33,0,0,0,0,0,207.2,815,149,61,57,19,52,2,6,5,0,212
Juan Minaya,MIN,2,1,2.48,29,0,0,0,0,7,0,40,167,27,12,11,4,20,0,2,3,0,43
John Curtiss,MIA,3,1,2.48,35,2,0,0,0,1,0,40,161,34,13,11,4,9,0,1,1,0,40
Chris Ellis,BAL,0,0,2.49,6,6,0,0,0,0,0,25.1,105,18,7,7,3,13,0,2,2,0,16
Kodi Whitley,STL,0,0,2.49,25,0,0,0,0,4,0,25.1,101,15,8,7,1,12,0,0,1,1,27
Devin Williams,MIL,8,2,2.5,58,0,0,0,3,23,3,54,226,36,17,15,5,28,0,2,2,1,87
Ryan Tepera,CHW,0,0,2.5,22,0,0,0,1,6,1,18,75,13,5,5,1,7,1,1,3,0,24
Phil Bickford,LAD,4,2,2.5,56,0,0,0,1,9,2,50.1,200,34,16,14,6,18,7,2,0,0,59
Ian Kennedy,TEX,0,0,2.51,32,0,0,0,16,0,1,32.1,126,27,9,9,5,7,2,0,0,0,35
Danny Duffy,KCR,4,3,2.51,13,12,0,0,0,0,0,61,252,52,19,17,6,22,1,0,3,0,65
Liam Hendriks,CHW,8,3,2.54,69,0,0,0,38,0,6,71,267,45,23,20,11,7,1,1,6,0,113
Kent Emanuel,HOU,1,0,2.55,10,0,0,0,0,1,0,17.2,68,12,5,5,4,4,0,1,0,0,13
Brandon Woodruff,MIL,9,10,2.56,30,30,0,0,0,0,0,179.1,708,130,54,51,18,43,0,7,2,0,211
T.J. McFarland,STL,4,1,2.56,38,0,0,0,0,15,1,38.2,144,32,11,11,3,9,1,0,0,0,21
Raisel Iglesias,LAA,7,5,2.57,65,0,0,0,34,0,5,70,273,53,25,20,11,12,0,1,2,1,103
Tyler Matzek,ATL,0,4,2.57,69,0,0,0,0,24,0,63,264,40,19,18,3,37,5,2,6,0,77
Ross Detwiler,SDP,1,0,2.57,7,0,0,0,0,0,0,7,29,3,2,2,2,5,1,1,1,0,6
Dillon Maples,CHC,1,0,2.59,28,0,0,0,0,0,0,31.1,139,15,10,9,2,25,0,8,5,0,40
Trevor Bauer,LAD,8,5,2.59,17,17,1,0,0,0,0,107.2,432,71,36,31,19,37,1,3,3,0,137
Jason Foley,DET,0,0,2.61,11,0,0,0,0,2,0,10.1,45,8,3,3,1,5,0,3,3,0,6
Jarlin Garcia,SFG,6,3,2.62,58,0,0,0,1,11,2,68.2,269,48,26,20,9,18,3,2,2,2,68
Trevor Rogers,MIA,7,8,2.64,25,25,0,0,0,0,0,133,550,107,46,39,6,46,2,5,4,1,157
Tyler Glasnow,TBR,5,2,2.66,14,14,0,0,0,0,0,88,340,55,26,26,10,27,0,0,8,0,123
Lance Lynn,CHW,11,6,2.69,28,28,1,1,0,0,0,157,641,123,52,47,18,45,2,2,5,0,176
Ian Gibaut,MIN,0,0,2.7,3,0,0,0,0,0,0,6.2,28,7,2,2,2,2,0,1,0,0,4
Jake Cousins,MIL,1,0,2.7,30,0,0,0,0,7,0,30,125,16,9,9,3,19,1,4,2,0,44
Brad Hand,NYM,1,0,2.7,16,0,0,0,0,3,2,13.1,55,12,7,4,1,5,0,1,1,0,14
Joel Payamps,TOR,0,2,2.7,22,0,0,0,0,0,0,30,119,21,10,9,3,11,2,1,0,0,22
Cole Sulser,BAL,5,4,2.7,60,0,0,0,8,6,3,63.1,257,48,20,19,5,23,0,0,6,1,73
Luis Frias,ARI,0,0,2.7,3,0,0,0,0,1,0,3.1,16,2,1,1,0,5,0,0,0,0,3
Jake McGee,SFG,3,2,2.72,62,0,0,0,31,8,5,59.2,239,44,25,18,7,10,1,2,0,0,58
Diego Castillo,TBR,2,4,2.72,37,0,0,0,14,3,2,36.1,145,26,14,11,5,10,2,1,1,0,49
Mychal Givens,COL,3,2,2.73,31,0,0,0,0,8,1,29.2,124,25,11,9,5,14,2,2,2,0,34
Lucas Luetge,NYY,4,2,2.74,57,1,0,0,1,3,2,72.1,301,67,30,22,6,15,1,3,8,0,78
Dustin May,LAD,1,1,2.74,5,5,0,0,0,0,0,23,93,16,8,7,4,6,0,1,0,0,35
Steven Okert,MIA,3,1,2.75,34,0,0,0,0,1,0,36,142,22,12,11,5,15,2,4,4,0,40
Noe Ramirez,ARI,0,2,2.76,36,0,0,0,1,10,2,32.2,132,18,12,10,2,11,0,3,2,0,29
Max Scherzer,WSN,8,4,2.76,19,19,1,0,0,0,0,111,428,71,36,34,18,28,0,8,0,0,147
Zack Wheeler,PHI,14,10,2.78,32,32,3,2,0,0,0,213.1,849,169,72,66,16,46,1,8,6,0,247
Anthony Bender,MIA,3,2,2.79,60,1,0,0,3,12,2,61.1,247,45,22,19,5,20,3,6,4,0,71
Adrian Sampson,CHC,1,2,2.8,10,5,0,0,0,0,0,35.1,145,30,15,11,8,8,0,6,1,0,28
Freddy Peralta,MIL,10,5,2.81,28,27,1,0,0,0,0,144.1,580,84,47,45,14,56,1,11,4,0,195
Kevin Gausman,SFG,14,6,2.81,33,33,0,0,0,0,0,192,775,150,66,60,20,50,1,4,7,0,227
Dylan Floro,MIA,6,6,2.81,68,0,0,0,15,11,6,64,270,53,25,20,2,25,3,0,1,0,62
Justin Wilson,CIN,0,0,2.81,21,0,0,0,0,2,0,16,66,14,5,5,1,7,0,0,1,0,14
Garrett Crochet,CHW,3,5,2.82,54,0,0,0,0,12,1,54.1,230,42,22,17,2,27,2,1,4,0,65
Richard Rodriguez,PIT,4,2,2.82,37,0,0,0,14,0,3,38.1,145,27,12,12,2,5,0,1,2,1,33
Luis Cessa,NYY,3,1,2.82,29,0,0,0,0,1,0,38.1,161,31,17,12,2,17,1,0,0,0,31
Dietrich Enns,TBR,2,0,2.82,9,0,0,0,2,0,0,22.1,88,17,8,7,1,6,0,0,0,0,25
Robbie Ray,TOR,13,7,2.84,32,32,0,0,0,0,0,193.1,773,150,62,61,33,53,0,3,5,0,248
Domingo Tapia,KCR,4,1,2.84,32,0,0,0,0,7,3,31.2,124,21,10,10,1,14,2,0,2,0,25
Joely Rodriguez,NYY,1,0,2.84,21,0,0,0,0,4,1,19,79,21,8,6,1,6,0,0,2,1,17
Diego Castillo,SEA,3,1,2.86,24,0,0,0,2,7,4,22,88,14,9,7,4,7,0,4,1,0,26
Joe Kelly,LAD,2,0,2.86,48,0,0,0,2,10,1,44,182,28,16,14,3,15,1,4,0,1,50
Kyle Gibson,TEX,6,3,2.87,19,19,0,0,0,0,0,113,460,92,38,36,9,41,0,5,2,0,94
Josh Staumont,KCR,4,3,2.88,64,0,0,0,5,16,0,65.2,264,43,24,21,6,27,1,2,4,0,72
Spencer Turnbull,DET,4,2,2.88,9,9,1,1,0,0,0,50,201,37,18,16,2,12,0,5,0,0,44
Adam Cimber,MIA,1,2,2.88,33,0,0,0,0,0,0,34.1,140,30,14,11,0,11,4,5,1,0,21
Cal Quantrill,CLE,8,3,2.89,40,22,0,0,0,1,0,149.2,616,129,55,48,16,47,0,9,3,0,121
Justin Bruihl,LAD,0,1,2.89,21,2,0,0,0,3,0,18.2,73,13,7,6,1,7,2,1,3,0,11
Nestor Cortes,NYY,2,3,2.9,22,14,0,0,0,0,0,93,374,75,32,30,14,25,0,2,2,1,103
Tony Santillan,CIN,1,3,2.91,26,4,0,0,0,0,0,43.1,190,34,15,14,7,21,0,7,1,0,56
Ryan Tepera,CHC,0,2,2.91,43,0,0,0,1,15,2,43.1,165,22,14,14,3,12,0,3,1,0,50
Kyle Tyler,LAA,0,0,2.92,5,0,0,0,0,0,0,12.1,52,8,4,4,1,6,0,2,0,0,6
Zack Littell,SFG,4,0,2.92,63,2,0,0,2,5,4,61.2,252,46,24,20,7,24,1,2,3,2,63
Scott Alexander,LAD,0,2,2.93,18,0,0,0,0,2,1,15.1,67,15,6,5,2,4,1,1,1,0,8
Nick Sandlin,CLE,1,1,2.94,34,0,0,0,0,5,1,33.2,141,21,15,11,2,17,0,4,1,0,48
Richard Bleier,MIA,3,2,2.95,68,0,0,0,0,20,6,58,225,51,20,19,4,6,3,3,1,0,44
Wandy Peralta,NYY,3,3,2.95,46,1,0,0,3,5,0,42.2,182,38,19,14,5,18,1,1,3,0,35
Julio Urias,LAD,20,3,2.96,32,32,0,0,0,0,0,185.2,745,151,67,61,19,38,3,7,2,1,195
Tony Watson,SFG,4,1,2.96,26,0,0,0,0,7,0,24.1,90,15,8,8,1,4,0,0,0,0,19
Michael Fulmer,DET,5,6,2.97,52,4,0,0,14,9,4,69.2,297,69,27,23,7,20,2,5,2,0,73
Evan Phillips,TBR,0,0,3,1,0,0,0,1,0,0,3,12,3,1,1,1,0,0,0,0,0,2
Brody Koerner,NYY,0,0,3,2,0,0,0,0,0,0,3,13,2,1,1,0,2,0,1,0,0,1
John Schreiber,BOS,0,0,3,1,0,0,0,0,0,0,3,13,4,1,1,0,1,0,0,0,0,5
Camilo Doval,SFG,5,1,3,29,0,0,0,3,5,3,27,109,19,10,9,4,9,2,1,2,0,37
JT Chargois,SEA,1,0,3,31,0,0,0,0,9,2,30,118,23,11,10,2,6,0,5,2,1,29
Zac Rosscup,COL,0,0,3,4,0,0,0,0,0,0,3,13,3,1,1,1,1,0,1,0,0,4
Mason Thompson,SDP,0,0,3,4,0,0,0,0,1,0,3,13,4,1,1,0,1,0,0,2,0,2
Garrett Cleavinger,LAD,2,4,3,22,1,0,0,0,0,1,18,84,20,11,6,4,12,1,1,0,0,21
Marcus Stroman,NYM,10,13,3.02,33,33,0,0,0,0,0,179,730,161,70,60,17,44,2,7,7,0,158
Giovanny Gallegos,STL,6,5,3.02,73,0,0,0,14,24,8,80.1,310,51,28,27,6,20,2,6,4,0,95
Logan Webb,SFG,11,3,3.03,27,26,0,0,0,1,0,148.1,596,128,53,50,9,36,0,8,2,0,158
Max Fried,ATL,14,7,3.04,28,28,2,2,0,0,0,165.2,667,139,61,56,15,41,0,7,7,0,158
Jose Ruiz,CHW,1,3,3.05,59,0,0,0,0,4,1,65,271,51,26,22,8,25,1,0,2,2,63
Adam Wainwright,STL,17,7,3.05,32,32,3,1,0,0,0,206.1,828,168,72,70,21,50,3,9,4,1,174
Aaron Sanchez,SFG,1,1,3.06,9,7,0,0,0,0,0,35.1,156,32,12,12,2,15,0,4,0,1,26
Craig Stammen,SDP,6,3,3.06,67,4,0,0,1,7,1,88.1,355,79,31,30,13,13,1,3,3,0,83
Hirokazu Sawamura,BOS,5,1,3.06,55,0,0,0,0,10,1,53,233,45,24,18,9,32,6,2,8,0,61
Paul Sewald,SEA,10,3,3.06,62,0,0,0,11,16,5,64.2,264,42,24,22,10,24,5,0,2,0,104
Trevor Williams,NYM,0,0,3.06,10,3,0,0,0,0,0,32.1,141,37,14,11,1,9,0,1,0,0,29
Pablo Lopez,MIA,5,5,3.07,20,20,0,0,0,0,0,102.2,418,89,37,35,11,26,1,7,3,0,115
Luis Gil,NYY,1,1,3.07,6,6,0,0,0,0,0,29.1,129,20,11,10,4,19,0,1,1,0,38
Brent Suter,MIL,12,5,3.07,61,1,0,0,1,8,8,73.1,313,72,34,25,9,24,3,1,1,1,69
Wily Peralta,DET,4,5,3.07,19,18,0,0,0,1,0,93.2,402,87,41,32,12,38,0,4,1,0,58
Blake Parker,CLE,2,1,3.09,47,0,0,0,0,4,0,43.2,185,43,15,15,5,14,0,2,1,0,37
Richard Rodriguez,ATL,1,2,3.12,27,0,0,0,0,8,0,26,106,23,9,9,6,5,1,1,2,0,9
Chad Green,NYY,10,7,3.12,67,0,0,0,6,18,6,83.2,315,57,32,29,14,17,2,0,5,0,99
Robert Stephenson,COL,2,1,3.13,49,0,0,0,1,4,1,46,197,42,20,16,5,18,0,2,3,0,52
Kendall Graveman,HOU,1,1,3.13,23,0,0,0,0,7,3,23,101,20,8,8,1,12,1,5,1,0,27
Codi Heuer,CHC,3,3,3.14,25,0,0,0,2,4,3,28.2,115,20,12,10,2,13,3,1,3,0,17
Framber Valdez,HOU,11,6,3.14,22,22,1,0,0,0,0,134.2,572,110,52,47,12,58,1,11,9,2,125
Chris Bassitt,OAK,12,4,3.15,27,27,1,1,0,0,0,157.1,637,127,55,55,15,39,1,11,5,1,159
Tyler Gilbert,ARI,2,2,3.15,9,6,1,1,0,1,0,40,157,28,17,14,4,13,0,1,0,0,25
Lance McCullers Jr.,HOU,13,5,3.16,28,28,0,0,0,0,0,162.1,684,122,59,57,13,76,0,10,7,0,185
Chris Sale,BOS,5,1,3.16,9,9,0,0,0,0,0,42.2,183,45,19,15,6,12,1,4,0,0,52
Blake Taylor,HOU,4,4,3.16,51,0,0,0,0,5,5,42.2,188,38,19,15,6,22,2,0,5,0,41
Shane Bieber,CLE,7,4,3.17,16,16,0,0,0,0,0,96.2,405,84,36,34,11,33,0,4,5,0,134
Anthony DeSclafani,SFG,13,7,3.17,31,31,2,2,0,0,0,167.2,676,141,61,59,19,42,1,2,7,0,152
Joe Musgrove,SDP,11,9,3.18,32,31,2,2,0,0,0,181.1,748,142,68,64,22,54,3,18,3,0,203
Shohei Ohtani,LAA,9,2,3.18,23,23,0,0,0,0,0,130.1,533,98,48,46,15,44,2,10,10,2,156
Lou Trivino,OAK,7,8,3.18,71,0,0,0,22,8,4,73.2,310,58,32,26,5,34,2,4,7,0,67
Tyler Duffey,MIN,3,3,3.18,64,0,0,0,3,22,2,62.1,254,48,25,22,4,28,1,2,5,0,61
Brett Martin,TEX,4,4,3.18,66,0,0,0,0,11,2,62.1,264,67,31,22,5,14,4,0,4,0,42
Eric Lauer,MIL,7,5,3.19,24,20,0,0,0,0,0,118.2,489,94,46,42,16,41,1,2,2,0,117
Sandy Alcantara,MIA,9,15,3.19,33,33,1,0,0,0,0,205.2,837,171,85,73,21,50,2,10,6,1,201
Chasen Shreve,PIT,3,3,3.2,57,0,0,0,0,11,2,56.1,235,43,20,20,7,28,0,1,0,0,45
Tyler Clippard,ARI,1,1,3.2,26,0,0,0,6,3,3,25.1,111,22,12,9,3,11,1,3,1,0,21
Trevor Richards,MIL,3,0,3.2,15,0,0,0,0,0,2,19.2,82,15,7,7,3,9,1,0,6,0,25
Jack Flaherty,STL,9,2,3.22,17,15,0,0,0,0,0,78.1,322,57,35,28,12,26,1,6,4,0,85
Pierce Johnson,SDP,3,4,3.22,63,2,0,0,0,9,2,58.2,244,47,21,21,6,27,3,1,6,0,77
Alek Manoah,TOR,9,2,3.22,20,20,0,0,0,0,0,111.2,459,77,44,40,12,40,0,16,0,1,127
Adrian Houser,MIL,10,6,3.22,28,26,1,1,0,0,0,142.1,599,118,61,51,12,64,0,9,9,1,105
Gerrit Cole,NYY,16,8,3.23,30,30,2,1,0,0,0,181.1,726,151,69,65,24,41,0,2,5,1,243
Tony Gonsolin,LAD,4,1,3.23,15,13,0,0,0,0,0,55.2,239,41,20,20,8,34,0,0,4,0,65
Caleb Thielbar,MIN,7,0,3.23,59,0,0,0,0,12,0,64,266,55,24,23,8,20,1,3,3,0,77
Alex Reyes,STL,10,8,3.24,69,0,0,0,29,3,5,72.1,317,46,32,26,9,52,1,2,10,1,95
Zach Thompson,MIA,3,7,3.24,26,14,0,0,0,0,0,75,315,63,35,27,6,28,1,3,5,0,66
Luis Garcia,STL,1,1,3.24,34,0,0,0,2,11,1,33.1,135,25,12,12,2,8,1,1,3,0,34
Ralph Garza,MIN,0,2,3.26,18,0,0,0,1,2,1,19.1,78,13,9,7,3,7,0,1,0,0,15
J.P. Feyereisen,MIL,0,2,3.26,21,0,0,0,0,9,2,19.1,77,10,9,7,2,11,0,0,1,0,20
Drew Anderson,TEX,1,1,3.27,9,1,0,0,0,0,0,22,91,20,8,8,1,6,0,1,1,0,9
Domingo Acevedo,OAK,0,0,3.27,10,0,0,0,0,0,0,11,44,9,4,4,3,4,0,0,0,0,9
Josh Rogers,WSN,2,2,3.28,6,6,0,0,0,0,0,35.2,151,32,13,13,7,14,0,2,0,0,22
Luis Garcia,HOU,11,8,3.3,30,28,0,0,0,0,0,155.1,633,132,62,57,19,50,1,3,9,1,167
Trevor Richards,TOR,4,2,3.31,32,0,0,0,0,5,3,32.2,122,16,13,12,7,10,0,0,1,0,37
Erik Swanson,SEA,0,3,3.31,33,2,0,0,1,5,2,35.1,144,28,18,13,5,10,1,1,0,0,35
Brad Boxberger,MIL,5,4,3.34,71,0,0,0,4,23,5,64.2,266,44,26,24,8,25,1,6,3,0,83
Charlie Morton,ATL,14,6,3.34,33,33,0,0,0,0,0,185.2,756,136,77,69,16,58,1,17,5,0,216
Taylor Rogers,MIN,2,4,3.35,40,0,0,0,9,8,4,40.1,166,38,18,15,4,8,2,0,3,0,59
Aroldis Chapman,NYY,6,4,3.36,61,0,0,0,30,1,4,56.1,243,36,23,21,9,38,2,3,7,0,97
Wade Miley,CIN,12,7,3.37,28,28,1,1,0,0,0,163,690,166,64,61,17,50,0,3,2,0,125
Frankie Montas,OAK,13,9,3.37,32,32,0,0,0,0,0,187,778,164,79,70,20,57,1,7,11,0,207
Michael Feliz,BOS,0,0,3.38,4,0,0,0,0,0,0,5.1,19,4,2,2,2,1,0,0,0,0,5
Joan Adon,WSN,0,0,3.38,1,1,0,0,0,0,0,5.1,24,6,2,2,1,3,0,1,1,0,9
Jordan Sheffield,COL,0,0,3.38,30,0,0,0,0,4,0,29.1,116,19,11,11,2,13,0,2,4,0,20
Lucas Gilbreath,COL,3,2,3.38,47,1,0,0,1,4,0,42.2,185,33,18,16,5,23,0,1,4,0,44
Keegan Thompson,CHC,3,3,3.38,32,6,0,0,1,1,1,53.1,243,48,22,20,9,31,1,2,4,0,55
Darren O'Day,NYY,0,0,3.38,12,0,0,0,0,4,0,10.2,46,9,4,4,2,4,0,1,0,1,11
R.J. Alaniz,CIN,0,0,3.38,3,0,0,0,0,0,0,2.2,13,1,1,1,1,3,0,1,0,0,3
Jake Reed,LAD,0,0,3.38,6,1,0,0,0,0,1,5.1,24,5,3,2,1,2,1,0,0,0,5
Miguel Del Pozo,DET,0,0,3.38,5,0,0,0,0,0,0,5.1,25,8,2,2,0,2,0,0,0,0,4
Darwinzon Hernandez,BOS,2,2,3.38,48,0,0,0,0,12,4,40,182,29,17,15,5,31,0,5,3,0,54
Gregory Soto,DET,6,3,3.39,62,0,0,0,18,7,1,63.2,276,46,30,24,7,40,2,1,11,1,76
Tim Mayza,TOR,5,2,3.4,61,0,0,0,1,18,3,53,210,40,21,20,5,12,0,3,2,0,57
Josh Taylor,BOS,1,0,3.4,61,0,0,0,1,15,0,47.2,209,45,18,18,2,23,3,3,2,0,60
Joe Mantiply,ARI,0,3,3.4,57,0,0,0,0,11,2,39.2,177,45,24,15,1,17,3,1,2,0,38
Hector Santiago,SEA,1,1,3.42,13,1,0,0,0,0,0,26.1,117,27,10,10,2,11,0,0,0,0,30
Anthony Banda,PIT,1,2,3.42,25,0,0,0,0,4,2,26.1,116,25,10,10,4,12,1,2,2,0,25
John Gant,STL,4,6,3.42,25,14,0,0,0,1,0,76.1,345,64,32,29,6,56,2,5,0,0,56
Ryne Stanek,HOU,3,5,3.42,72,0,0,0,2,21,2,68.1,290,46,32,26,8,37,3,5,6,0,83
Kyle Funkhouser,DET,7,4,3.42,57,2,0,0,1,9,4,68.1,298,58,32,26,6,38,0,3,9,1,63
Steve Cishek,LAA,0,2,3.42,74,0,0,0,0,21,4,68.1,308,61,32,26,2,41,5,6,4,2,64
Jeffrey Springs,TBR,5,1,3.43,43,0,0,0,2,10,2,44.2,179,35,21,17,9,14,1,0,3,0,63
Shane McClanahan,TBR,10,6,3.43,25,25,0,0,0,0,0,123.1,517,120,49,47,14,37,0,2,9,0,141
Reynaldo Lopez,CHW,4,4,3.43,20,9,0,0,0,0,0,57.2,222,42,27,22,10,13,0,0,1,0,55
Connor Brogdon,PHI,5,4,3.43,56,1,0,0,1,10,4,57.2,235,47,27,22,6,18,2,1,2,0,50
Jandel Gustave,MIL,1,2,3.44,14,0,0,0,0,0,1,18.1,79,15,10,7,2,5,2,4,2,0,13
Will Smith,ATL,3,7,3.44,71,0,0,0,37,0,6,68,283,49,27,26,11,28,2,5,3,0,87
Heath Hembree,NYM,0,0,3.45,15,0,0,0,1,1,0,15.2,64,13,6,6,2,5,1,0,1,0,15
Edwin Diaz,NYM,5,6,3.45,63,0,0,0,32,0,6,62.2,257,43,27,24,3,23,1,9,5,1,89
Miguel Castro,NYM,3,4,3.45,69,2,0,0,0,9,2,70.1,303,48,30,27,7,43,0,6,8,0,77
Kwang-hyun Kim,STL,7,7,3.46,27,21,0,0,1,0,0,106.2,452,98,46,41,12,39,2,4,4,0,80
Yimi Garcia,MIA,3,7,3.47,39,0,0,0,15,2,3,36.1,151,31,18,14,5,13,5,1,0,0,35
Jose Berrios,MIN,7,5,3.48,20,20,1,0,0,0,0,121.2,490,95,53,47,14,32,0,8,3,0,126
Corey Oswalt,NYM,1,1,3.48,3,1,0,0,0,0,0,10.1,42,12,4,4,1,2,0,0,1,0,10
Sam Moll,OAK,0,0,3.48,8,0,0,0,0,0,0,10.1,44,8,4,4,1,5,0,2,0,0,8
Evan Phillips,LAD,1,1,3.48,7,0,0,0,0,0,0,10.1,46,8,5,4,0,5,1,1,1,0,9
Nate Jones,ATL,0,2,3.48,12,0,0,0,0,2,1,10.1,50,8,6,4,3,10,4,1,1,0,7
Richard Lovelady,KCR,2,0,3.48,20,0,0,0,1,4,0,20.2,84,16,9,8,3,6,1,1,1,0,23
Bryan Shaw,CLE,6,7,3.49,81,0,0,0,2,20,6,77.1,334,69,33,30,10,38,0,1,6,0,71
Seth Lugo,NYM,4,3,3.5,46,0,0,0,1,13,3,46.1,195,41,18,18,6,19,2,1,0,0,55
Michael Kopech,CHW,4,3,3.5,44,4,0,0,0,13,1,69.1,285,54,27,27,9,24,1,1,3,0,103
Aaron Bummer,CHW,5,5,3.51,62,0,0,0,2,21,6,56.1,242,42,28,22,3,29,3,4,5,0,75
Tanner Houck,BOS,1,5,3.52,18,13,0,0,1,1,0,69,285,57,32,27,4,21,1,6,3,0,87
Adonis Medina,PHI,0,0,3.52,4,1,0,0,0,0,0,7.2,36,9,3,3,0,4,0,3,0,0,6
Jharel Cotton,TEX,2,0,3.52,23,0,0,0,0,3,0,30.2,137,28,12,12,2,15,0,2,1,0,30
John King,TEX,7,5,3.52,27,0,0,0,0,4,1,46,193,41,24,18,3,12,1,4,2,0,40
Lucas Giolito,CHW,11,9,3.53,31,31,1,0,0,0,0,178.2,720,145,74,70,27,52,1,2,12,0,201
Andres Machado,WSN,1,2,3.53,40,0,0,0,0,10,3,35.2,154,30,17,14,4,15,1,5,3,0,30
Kyle Finnegan,WSN,5,9,3.55,68,0,0,0,11,13,3,66,294,64,39,26,9,34,4,2,8,0,68
Clayton Kershaw,LAD,10,8,3.55,22,22,0,0,0,0,0,121.2,488,103,51,48,15,21,0,3,7,1,144
Michael King,NYY,2,4,3.55,22,6,0,0,0,2,0,63.1,275,57,29,25,6,24,1,6,5,0,62
Cristian Javier,HOU,4,1,3.55,36,9,0,0,2,5,2,101.1,424,67,41,40,16,53,1,7,6,0,130
Victor Gonzalez,LAD,3,1,3.57,44,1,0,0,1,16,1,35.1,155,32,14,14,3,19,2,3,1,0,33
Ian Anderson,ATL,9,5,3.58,24,24,0,0,0,0,0,128.1,535,105,51,51,16,53,2,1,7,0,124
Jose Berrios,TOR,5,4,3.58,12,12,0,0,0,0,0,70.1,291,64,30,28,8,13,0,7,0,0,78
Brad Hand,WSN,5,5,3.59,41,0,0,0,21,0,5,42.2,182,31,22,17,5,18,4,5,1,0,42
Pete Fairbanks,TBR,3,6,3.59,47,0,0,0,5,14,2,42.2,189,40,22,17,2,21,1,1,3,0,56
Edgar Santana,ATL,3,0,3.59,41,0,0,0,0,3,0,42.2,175,37,20,17,7,12,1,0,1,2,33
Trevor May,NYM,7,3,3.59,68,0,0,0,4,16,3,62.2,266,55,29,25,10,24,4,0,7,0,83
Tanner Anderson,PIT,0,0,3.6,1,0,0,0,0,0,0,5,19,5,2,2,0,0,0,0,0,0,1
Tucker Davidson,ATL,0,0,3.6,4,4,0,0,0,0,0,20,83,15,8,8,3,8,0,0,0,0,18
Daulton Jefferies,OAK,1,0,3.6,5,1,0,0,0,0,0,15,58,11,6,6,1,4,0,1,1,0,8
Hansel Robles,BOS,0,1,3.6,27,0,0,0,4,3,0,25,109,21,11,10,2,13,2,2,2,1,33
Shea Spitzbarth,PIT,0,0,3.6,5,0,0,0,0,1,0,5,22,4,2,2,1,2,0,1,0,0,1
Hunter Wood,TEX,0,0,3.6,5,0,0,0,0,1,0,5,19,2,2,2,1,2,0,0,1,0,5
Chris Flexen,SEA,14,6,3.61,31,31,0,0,0,0,0,179.2,741,185,74,72,19,40,0,4,2,0,125
Wade LeBlanc,STL,0,1,3.61,12,8,0,0,0,0,0,42.1,188,45,17,17,7,16,3,3,0,0,23
Jose Urquidy,HOU,8,3,3.62,20,20,0,0,0,0,0,107,423,87,43,43,17,19,0,2,2,0,90
Tim Hill,SDP,6,6,3.62,78,0,0,0,1,17,4,59.2,255,51,34,24,9,23,5,6,1,0,56
John Means,BAL,6,9,3.62,26,26,1,1,0,0,0,146.2,590,125,64,59,30,26,0,4,3,0,134
Patrick Sandoval,LAA,3,6,3.62,17,14,0,0,1,0,0,87,363,69,38,35,11,36,0,4,3,0,94
Michael Pineda,MIN,9,8,3.62,22,21,0,0,0,0,0,109.1,458,114,49,44,17,21,1,2,1,0,88
Chris Stratton,PIT,7,1,3.63,68,0,0,0,8,7,5,79.1,337,70,34,32,9,33,2,1,3,0,86
Dennis Santana,TEX,2,4,3.63,39,0,0,0,0,5,2,39.2,163,30,20,16,4,21,1,0,2,0,38
Hector Neris,PHI,4,7,3.63,74,0,0,0,12,11,7,74.1,310,55,34,30,12,32,3,4,4,1,98
Chris Rodriguez,LAA,2,1,3.64,15,2,0,0,0,2,1,29.2,134,28,14,12,0,15,0,4,1,0,29
Miguel Diaz,SDP,3,1,3.64,25,2,0,0,1,1,0,42,172,31,19,17,8,19,0,0,0,0,46
Jose Cisnero,DET,4,4,3.65,67,0,0,0,4,18,4,61.2,265,51,34,25,6,31,1,4,4,0,62
Jake Brentz,KCR,5,2,3.66,72,0,0,0,2,15,5,64,278,45,32,26,7,37,1,6,8,2,76
Mitch White,LAD,1,3,3.66,21,4,0,0,0,0,2,46.2,197,38,28,19,6,17,1,0,3,0,49
Danny Coulombe,MIN,3,2,3.67,29,1,0,0,0,2,1,34.1,139,35,17,14,5,7,1,0,0,0,33
Carlos Hernandez,KCR,6,2,3.68,24,11,0,0,0,0,0,85.2,358,69,36,35,7,41,1,4,6,1,74
Scott Effross,CHC,2,1,3.68,14,0,0,0,0,3,1,14.2,58,13,6,6,2,1,0,3,1,0,18
Jimmy Herget,LAA,2,2,3.68,14,0,0,0,0,0,2,14.2,60,15,7,6,0,4,1,2,0,1,18
Yacksel Rios,BOS,3,0,3.7,20,0,0,0,0,1,0,24.1,98,13,10,10,3,14,0,1,3,0,21
Archie Bradley,PHI,7,3,3.71,53,0,0,0,2,13,3,51,224,51,24,21,5,22,1,3,1,0,40
Casey Mize,DET,7,9,3.71,30,30,1,0,0,0,0,150.1,612,130,64,62,24,41,0,11,7,0,118
Dillon Peters,PIT,1,2,3.71,6,6,0,0,0,0,0,26.2,117,26,12,11,2,10,0,1,0,0,23
Cody Reed,TBR,0,1,3.72,12,0,0,0,0,3,0,9.2,42,8,5,4,1,6,0,1,0,0,7
Genesis Cabrera,STL,4,5,3.73,71,0,0,0,0,28,3,70,296,52,31,29,3,36,2,5,9,0,77
Jay Jackson,SFG,2,1,3.74,23,1,0,0,0,3,2,21.2,90,15,9,9,3,12,0,0,0,0,28
Tyler Mahle,CIN,13,6,3.75,33,33,0,0,0,0,0,180,759,158,78,75,24,64,0,10,4,0,210
Nathan Eovaldi,BOS,11,9,3.75,32,32,0,0,0,0,0,182.1,764,182,81,76,15,35,2,7,6,0,195
Jose Suarez,LAA,8,8,3.75,23,14,1,0,0,0,0,98.1,413,85,45,41,11,36,1,4,4,1,85
Justin Dunn,SEA,1,3,3.75,11,11,0,0,0,0,0,50.1,218,37,21,21,6,29,0,4,1,0,49
Alex Cobb,LAA,8,3,3.76,18,18,0,0,0,0,0,93.1,393,85,46,39,5,33,0,3,4,0,98
Nabil Crismatt,SDP,3,1,3.76,45,0,0,0,0,1,0,81.1,351,87,40,34,10,24,2,8,3,0,71
Robert Gsellman,NYM,0,1,3.77,17,1,0,0,0,1,0,28.2,119,27,14,12,3,7,0,2,0,0,17
A.J. Minter,ATL,3,6,3.78,61,0,0,0,0,23,6,52.1,221,44,27,22,2,20,0,1,0,2,57
Matt Barnes,BOS,6,5,3.79,60,0,0,0,24,0,6,54.2,222,41,25,23,8,20,2,2,3,0,84
Tyler Alexander,DET,2,4,3.81,41,15,0,0,0,3,0,106.1,451,106,47,45,16,28,0,4,2,0,87
Anthony Bass,MIA,3,9,3.82,70,1,0,0,0,19,4,61.1,260,55,33,26,11,24,6,3,0,0,58
Steven Matz,TOR,14,7,3.82,29,29,0,0,0,0,0,150.2,647,158,70,64,18,43,0,6,5,1,144
Corey Kluber,NYY,5,3,3.83,16,16,1,1,0,0,0,80,341,74,37,34,8,33,0,5,3,0,82
Spencer Patton,TEX,2,2,3.83,42,0,0,0,2,11,3,42.1,172,36,20,18,4,15,0,0,1,0,48
Alex Wood,SFG,10,4,3.83,26,26,0,0,0,0,0,138.2,585,125,63,59,14,39,1,16,7,0,152
Jordan Montgomery,NYY,6,7,3.83,30,30,0,0,0,0,0,157.1,661,150,73,67,19,51,0,2,12,1,162
Aaron Civale,CLE,12,5,3.84,21,21,0,0,0,0,0,124.1,498,108,56,53,23,31,0,4,3,1,99
Rich Hill,NYM,1,4,3.84,13,12,0,0,0,0,0,63.1,272,62,29,27,7,19,0,8,0,0,59
Mike Mayers,LAA,5,5,3.84,72,2,0,0,2,17,3,75,315,71,32,32,11,26,0,3,0,0,90
Conner Menez,SFG,1,0,3.86,8,1,0,0,0,1,0,14,62,16,10,6,2,3,0,0,0,0,15
Janson Junk,LAA,0,1,3.86,4,4,0,0,0,0,0,16.1,71,20,11,7,5,2,0,0,0,0,10
Jake Reed,NYM,0,1,3.86,4,0,0,0,0,0,0,4.2,19,5,3,2,0,0,0,0,0,0,5
Ryan Hartman,HOU,0,0,3.86,1,0,0,0,0,0,0,2.1,10,3,1,1,1,0,0,0,0,0,2
Adrian Morejon,SDP,0,0,3.86,2,2,0,0,0,0,0,4.2,20,5,2,2,2,2,0,0,0,0,3
Spencer Strider,ATL,1,0,3.86,2,0,0,0,0,0,0,2.1,9,2,1,1,1,1,0,0,0,0,0
Jake Diekman,OAK,3,3,3.86,67,0,0,0,7,14,7,60.2,262,47,29,26,10,34,2,4,8,0,83
Rich Hill,TBR,6,4,3.87,19,19,0,0,0,0,0,95.1,389,75,41,41,14,36,0,8,3,1,91
Matthew Boyd,DET,3,8,3.89,15,15,0,0,0,0,0,78.2,337,77,37,34,9,23,0,7,4,0,67
Yohan Ramirez,SEA,1,3,3.9,25,0,0,0,2,0,0,27.2,114,18,14,12,6,12,0,3,2,1,35
Dylan Cease,CHW,13,7,3.91,32,32,1,1,0,0,0,165.2,708,139,77,72,20,68,0,9,13,2,226
Sean Manaea,OAK,11,10,3.91,32,32,2,2,0,0,0,179.1,754,179,79,78,25,41,0,9,5,1,194
Jorge Alcala,MIN,3,6,3.92,59,0,0,0,1,11,4,59.2,229,45,29,26,10,13,1,2,1,1,61
Yusmeiro Petit,OAK,8,3,3.92,78,0,0,0,2,22,6,78,313,69,35,34,12,12,1,1,1,0,37
Jeurys Familia,NYM,9,4,3.94,65,0,0,0,1,11,6,59.1,262,57,31,26,10,27,2,2,4,0,72
Chris Martin,ATL,2,4,3.95,46,0,0,0,1,13,4,43.1,181,49,20,19,4,6,1,3,0,0,33
Marco Gonzales,SEA,10,6,3.96,25,25,1,0,0,0,0,143.1,585,125,64,63,29,42,3,5,1,0,108
Josh Sborz,TEX,4,3,3.97,63,0,0,0,1,9,3,59,257,52,29,26,7,32,1,0,8,0,69
Luis Castillo,CIN,8,16,3.98,33,33,0,0,0,0,0,187.2,803,181,94,83,19,75,4,7,1,1,192
Jake Woodford,STL,3,4,3.99,26,8,0,0,0,0,0,67.2,293,66,32,30,7,25,0,8,2,0,50
J.A. Happ,STL,5,2,4,11,11,0,0,0,0,0,54,226,52,24,24,9,17,0,0,1,0,45
Jordan Holloway,MIA,2,3,4,13,4,0,0,0,0,0,36,158,23,19,16,3,26,0,0,2,0,36
Ashton Goudeau,CIN,0,0,4,5,0,0,0,0,0,0,9,44,8,4,4,1,9,3,0,0,0,5
David Price,LAD,5,2,4.03,39,11,0,0,1,1,0,73.2,326,79,35,33,8,26,2,4,1,0,58
Ryne Harper,WSN,0,2,4.04,34,0,0,0,0,3,1,35.2,148,28,16,16,6,14,1,2,0,0,31
Alex Lange,DET,1,3,4.04,36,0,0,0,1,6,2,35.2,162,37,18,16,5,16,0,3,6,0,39
Sam Coonrod,PHI,2,2,4.04,42,2,0,0,2,8,4,42.1,185,41,21,19,5,15,1,3,4,0,48
Joe Ryan,MIN,2,1,4.05,5,5,0,0,0,0,0,26.2,100,16,12,12,4,5,0,0,1,0,30
Jordan Yamamoto,NYM,1,1,4.05,2,1,0,0,0,0,0,6.2,33,10,6,3,0,2,0,2,0,0,3
Francisco Perez,CLE,0,0,4.05,4,0,0,0,0,0,0,6.2,28,6,3,3,0,3,0,0,0,0,5
Shane Greene,LAD,0,0,4.05,9,0,0,0,1,0,0,6.2,30,3,3,3,1,5,0,3,1,0,7
Huascar Ynoa,ATL,4,6,4.05,18,17,0,0,0,0,0,91,372,76,42,41,14,25,1,4,4,0,100
James Karinchak,CLE,7,4,4.07,60,0,0,0,11,13,5,55.1,235,35,27,25,9,32,0,2,3,0,78
James Kaprielian,OAK,8,5,4.07,24,21,0,0,0,0,0,119.1,502,105,55,54,19,41,0,5,1,0,123
Johnny Cueto,SFG,7,7,4.08,22,21,0,0,0,0,0,114.2,490,127,57,52,15,30,1,4,0,0,98
Ralph Garza,HOU,1,2,4.09,9,0,0,0,0,0,0,11,49,11,6,5,2,7,1,0,1,0,14
Austin Adams,SDP,3,2,4.1,65,0,0,0,0,10,1,52.2,241,28,28,24,1,35,2,24,4,0,76
Tyler Wells,BAL,2,3,4.11,44,0,0,0,4,1,3,57,224,40,27,26,9,12,0,1,1,1,65
Deolis Guerra,OAK,4,1,4.11,53,0,0,0,0,3,0,65.2,269,53,34,30,8,20,0,4,1,0,62
Zach Pop,MIA,1,0,4.12,50,0,0,0,0,1,1,54.2,246,54,29,25,3,24,2,8,2,0,51
Ian Kennedy,PHI,3,1,4.13,23,0,0,0,10,0,3,24,102,18,12,11,7,10,1,2,0,0,27
Jimmie Sherfy,LAD,1,1,4.15,4,0,0,0,0,0,0,4.1,17,3,3,2,1,0,0,1,0,0,3
Jhonathan Diaz,LAA,1,0,4.15,3,2,0,0,0,0,0,13,59,11,6,6,1,7,0,1,0,0,9
Alex Colome,MIN,4,4,4.15,67,0,0,0,17,5,7,65,290,68,41,30,8,23,1,4,2,0,58
Miguel Sanchez,MIL,2,1,4.15,28,0,0,0,0,0,1,26,120,27,14,12,4,14,2,2,2,0,23
Hunter Harvey,BAL,0,0,4.15,9,0,0,0,0,2,0,8.2,36,8,4,4,1,3,0,0,0,0,6
Stephen Gonsalves,BOS,0,0,4.15,3,0,0,0,0,0,0,4.1,18,2,2,2,0,2,0,1,2,0,4
Brandon Waddell,STL,0,0,4.15,4,0,0,0,0,0,0,4.1,22,4,2,2,0,5,0,0,1,0,6
Mason Thompson,WSN,1,3,4.15,27,0,0,0,0,5,3,21.2,108,28,14,10,4,14,1,1,1,0,21
Zack Greinke,HOU,11,6,4.16,30,29,1,0,0,1,0,171,697,164,82,79,30,36,0,2,3,0,120
Joe Ross,WSN,5,9,4.17,20,19,0,0,0,0,0,108,460,98,57,50,17,34,4,8,0,0,109
Kyle Muller,ATL,2,4,4.17,9,8,0,0,0,0,0,36.2,155,26,17,17,2,20,1,2,9,0,37
Zach Eflin,PHI,4,7,4.17,18,18,0,0,0,0,0,105.2,442,116,52,49,15,16,2,3,2,0,99
Elieser Hernandez,MIA,1,3,4.18,11,11,0,0,0,0,0,51.2,225,54,26,24,13,14,2,3,1,0,53
Sonny Gray,CIN,7,9,4.19,26,26,0,0,0,0,0,135.1,575,115,67,63,19,50,1,8,9,0,155
Bailey Ober,MIN,3,3,4.19,20,20,0,0,0,0,0,92.1,379,92,45,43,20,19,0,1,1,0,96
Jacob Webb,ATL,5,4,4.19,34,0,0,0,1,0,1,34.1,153,38,22,16,4,14,4,1,3,0,33
Blake Snell,SDP,7,6,4.2,27,27,0,0,0,0,0,128.2,550,101,61,60,16,69,1,3,7,1,170
Nate Pearson,TOR,1,1,4.2,12,1,0,0,0,0,0,15,71,14,8,7,2,12,1,0,5,0,20
Derek Law,MIN,0,0,4.2,9,0,0,0,0,0,0,15,67,16,7,7,2,8,0,0,1,0,14
Kyle McGowin,WSN,0,0,4.2,27,0,0,0,0,1,0,30,128,21,14,14,5,14,1,2,1,0,35
Jose Alvarado,PHI,7,1,4.2,64,0,0,0,5,16,3,55.2,251,42,30,26,5,47,5,7,9,1,68
Adam Ottavino,BOS,7,3,4.21,69,0,0,0,11,22,6,62,276,55,31,29,5,35,2,7,4,0,71
Jake Odorizzi,HOU,6,7,4.21,24,23,0,0,0,0,0,104.2,441,97,51,49,16,34,1,3,0,0,91
Jimmie Sherfy,SFG,1,0,4.22,10,0,0,0,0,0,0,10.2,46,9,5,5,2,4,0,1,1,0,9
Brett Anderson,MIL,4,9,4.22,24,24,0,0,0,0,0,96,409,102,52,45,11,28,0,2,0,2,58
Mychal Givens,CIN,1,1,4.22,23,0,0,0,8,3,2,21.1,92,18,11,10,2,13,2,0,0,1,20
Yu Darvish,SDP,8,11,4.22,30,30,0,0,0,0,0,166.1,681,138,81,78,28,44,1,8,9,0,199
Miles Mikolas,STL,2,3,4.23,9,9,0,0,0,0,0,44.2,186,43,24,21,6,11,0,2,1,0,31
Drew Rasmussen,MIL,0,1,4.24,15,0,0,0,1,0,0,17,77,13,11,8,2,12,2,0,2,0,25
Cole Irvin,OAK,10,15,4.24,32,32,0,0,0,0,0,178.1,768,195,94,84,23,42,0,9,3,0,125
Luke Weaver,ARI,3,6,4.25,13,13,0,0,0,0,0,65.2,275,58,34,31,11,20,3,1,0,0,62
Ashton Goudeau,COL,2,1,4.26,11,1,0,0,0,0,0,25.1,97,16,12,12,3,8,0,2,1,0,17
Justin Steele,CHC,4,4,4.26,20,9,0,0,0,1,0,57,248,50,29,27,12,27,2,5,0,0,59
Adam Morgan,CHC,2,1,4.26,34,0,0,0,2,4,2,25.1,108,22,15,12,6,12,0,1,0,0,28
Paolo Espino,WSN,5,5,4.27,35,19,0,0,1,0,0,109.2,455,108,53,52,19,25,2,1,1,0,92
Joakim Soria,ARI,1,4,4.3,31,0,0,0,6,3,2,29.1,125,31,14,14,4,8,0,1,1,1,31
Zac Gallen,ARI,4,10,4.3,23,23,1,1,0,0,0,121.1,523,108,61,58,19,49,1,5,6,0,139
Jameson Taillon,NYY,8,6,4.3,29,29,0,0,0,0,0,144.1,603,130,73,69,24,44,1,6,4,0,140
Rowan Wick,CHC,0,1,4.3,22,0,0,0,5,2,3,23,100,17,12,11,1,14,0,1,1,0,29
Luis Patino,TBR,5,3,4.31,19,15,0,0,0,0,0,77.1,333,69,40,37,12,29,2,3,7,1,74
J.B. Wendelken,OAK,2,1,4.32,26,0,0,0,0,2,1,25,117,29,15,12,2,13,2,0,4,0,26
Kyle Freeland,COL,7,8,4.33,23,23,0,0,0,0,0,120.2,515,133,59,58,20,38,1,4,1,0,105
Duane Underwood Jr.,PIT,2,3,4.33,43,0,0,0,0,2,0,72.2,320,77,40,35,9,27,1,4,3,0,65
Jhoulys Chacin,COL,3,2,4.34,46,1,0,0,0,17,2,64.1,269,53,32,31,8,28,0,0,1,0,47
Tarik Skubal,DET,8,12,4.34,31,29,0,0,0,0,0,149.1,634,141,76,72,35,47,0,6,4,0,164
J.B. Wendelken,ARI,2,2,4.34,20,0,0,0,2,4,0,18.2,77,15,9,9,2,9,1,0,0,0,13
Ian Krol,DET,0,0,4.34,18,0,0,0,0,0,0,18.2,86,23,10,9,2,8,0,0,1,1,18
Taylor Widener,ARI,2,1,4.35,23,13,0,0,0,1,0,70.1,319,65,38,34,14,37,3,7,1,0,73
Tyler Anderson,PIT,5,8,4.35,18,18,0,0,0,0,0,103.1,430,99,52,50,16,25,0,1,0,0,86
Cam Bedrosian,PHI,0,0,4.35,11,1,0,0,0,1,1,10.1,45,8,5,5,2,7,0,0,0,0,8
Jon Lester,STL,4,1,4.36,12,12,0,0,0,0,0,66,285,68,34,32,11,26,2,2,0,0,40
Hyun-Jin Ryu,TOR,14,10,4.37,31,31,1,1,0,0,0,169,701,170,85,82,24,37,0,2,2,0,143
Carlos Estevez,COL,3,5,4.38,64,0,0,0,11,15,6,61.2,270,71,32,30,8,21,0,2,5,0,60
Sean Nolin,WSN,0,2,4.39,10,5,0,0,0,0,0,26.2,123,32,13,13,4,13,0,2,0,0,20
Dillon Tate,BAL,0,6,4.39,62,0,0,0,3,7,2,67.2,287,61,35,33,7,23,0,7,7,0,49
German Marquez,COL,12,11,4.4,32,32,3,1,0,0,0,180,756,165,92,88,21,64,5,4,15,0,176
Dinelson Lamet,SDP,2,4,4.4,22,9,0,0,0,1,0,47,209,48,24,23,6,22,0,2,3,0,57
Lucas Sims,CIN,5,3,4.4,47,0,0,0,7,9,3,47,195,34,26,23,6,18,3,4,2,1,76
Trevor Stephan,CLE,3,1,4.41,43,0,0,0,1,3,0,63.1,282,58,32,31,15,31,1,3,0,0,75
Yusei Kikuchi,SEA,7,9,4.41,29,29,0,0,0,0,0,157,666,145,82,77,27,62,0,5,6,0,163
Antonio Senzatela,COL,4,10,4.42,28,28,0,0,0,0,0,156.2,670,178,84,77,12,32,1,9,4,2,105
Joel Payamps,KCR,1,1,4.43,15,1,0,0,0,0,0,20.1,86,23,12,10,3,3,0,0,1,0,16
Kris Bubic,KCR,6,7,4.43,29,20,0,0,0,0,0,130,556,121,67,64,22,59,0,7,0,1,114
Kyle Crick,PIT,1,1,4.44,27,0,0,0,0,6,1,24.1,107,14,14,12,0,19,0,5,6,0,21
Merrill Kelly,ARI,7,11,4.44,27,27,0,0,0,0,0,158,667,163,82,78,21,41,3,4,2,0,130
Joey Lucchesi,NYM,1,4,4.46,11,8,0,0,0,0,0,38.1,157,34,20,19,4,11,0,2,1,0,41
Sean Doolittle,CIN,3,1,4.46,45,0,0,0,1,4,4,38.1,173,40,21,19,6,18,3,1,0,0,41
Taijuan Walker,NYM,7,11,4.47,30,29,0,0,0,0,0,159,654,133,84,79,26,55,0,4,5,0,146
Drew Smyly,ATL,11,4,4.48,29,23,0,0,0,0,0,126.2,546,133,69,63,27,41,3,2,5,1,117
Preston Guilmet,MIA,0,0,4.5,2,0,0,0,0,1,0,2,7,2,1,1,1,0,0,0,0,0,1
David Robertson,TBR,0,0,4.5,12,1,0,0,0,2,2,12,50,11,7,6,2,4,0,0,0,0,16
Asher Wojciechowski,NYY,0,0,4.5,1,1,0,0,0,0,0,4,19,3,2,2,1,3,0,1,0,0,4
Bryan Mitchell,MIA,0,0,4.5,2,0,0,0,0,0,0,4,18,5,2,2,0,2,1,0,0,0,4
Nick Tropeano,NYM,0,0,4.5,1,0,0,0,0,0,0,2,11,4,1,1,1,1,0,0,0,0,0
Alex McRae,CHW,0,0,4.5,2,0,0,0,0,0,0,2,10,3,1,1,0,1,0,0,0,0,1
Touki Toussaint,ATL,3,3,4.5,11,10,0,0,0,0,0,50,216,43,28,25,11,22,1,6,2,0,48
Nick Anderson,TBR,0,1,4.5,6,0,0,0,1,0,0,6,24,4,3,3,2,2,0,0,0,0,1
Trevor Richards,TBR,0,0,4.5,6,0,0,0,1,1,0,12,47,9,6,6,2,3,0,0,1,0,16
Shawn Armstrong,TBR,1,0,4.5,11,0,0,0,0,1,0,16,65,11,8,8,5,5,0,1,0,0,22
Brandon Bielak,HOU,3,4,4.5,28,2,0,0,1,2,1,50,218,48,29,25,5,21,0,3,4,0,46
Marcos Diplan,BAL,2,0,4.5,23,0,0,0,0,1,0,30,123,22,16,15,6,15,0,0,3,0,24
Justin Miller,STL,1,0,4.5,18,0,0,0,1,1,0,16,68,15,8,8,2,5,0,2,0,0,9
Sam Selman,SFG,0,0,4.5,7,0,0,0,0,0,1,8,33,4,4,4,2,4,0,1,0,0,8
Patrick Weigel,MIL,0,0,4.5,3,0,0,0,0,0,0,4,21,4,2,2,1,4,0,1,1,0,9
Jhon Romero,WSN,0,0,4.5,5,0,0,0,0,0,0,4,17,5,2,2,0,0,0,0,0,0,3
Dane Dunning,TEX,5,10,4.51,27,25,0,0,0,0,0,117.2,511,126,61,59,13,43,0,7,8,0,114
Tylor Megill,NYM,4,6,4.52,18,18,1,0,0,0,0,89.2,379,88,46,45,19,27,0,2,1,0,99
Austin Gomber,COL,9,9,4.53,23,23,0,0,0,0,0,115.1,488,102,64,58,20,41,2,3,1,0,113
Nick Pivetta,BOS,9,8,4.53,31,30,0,0,1,0,0,155,661,137,80,78,24,65,2,5,9,0,175
Nick Neidert,MIA,1,2,4.54,8,7,0,0,0,0,0,35.2,157,31,18,18,4,23,1,5,3,0,21
Aaron Ashby,MIL,3,2,4.55,13,4,0,0,1,0,0,31.2,133,25,20,16,4,12,0,1,1,0,39
Tayler Saucedo,TOR,0,0,4.56,29,0,0,0,0,1,2,25.2,109,22,14,13,1,10,0,2,2,1,19
Jose Quijada,LAA,0,2,4.56,26,0,0,0,0,4,0,25.2,110,20,14,13,2,15,1,1,1,1,38
Jeff Hoffman,CIN,3,5,4.56,31,11,0,0,0,2,0,73,335,70,41,37,12,45,2,5,9,0,79
Ryan Helsley,STL,6,4,4.56,51,0,0,0,1,10,2,47.1,206,40,24,24,4,27,2,0,7,0,47
Stephen Strasburg,WSN,1,2,4.57,5,5,0,0,0,0,0,21.2,95,16,12,11,4,14,2,1,0,0,21
Phil Maton,CLE,2,0,4.57,38,1,0,0,0,3,1,41.1,178,36,21,21,4,20,0,3,0,0,61
Domingo German,NYY,4,5,4.58,22,18,0,0,0,1,0,98.1,410,89,52,50,17,27,0,2,3,1,98
Adbert Alzolay,CHC,5,13,4.58,29,21,0,0,1,0,0,125.2,519,112,66,64,25,34,2,5,2,3,128
Brusdar Graterol,LAD,3,0,4.59,34,1,0,0,0,4,2,33.1,150,34,18,17,2,13,6,5,2,0,27
Jon Gray,COL,8,12,4.59,29,29,0,0,0,0,0,149,644,140,83,76,21,58,2,8,7,0,157
Jaime Barria,LAA,2,4,4.61,13,11,0,0,0,0,0,56.2,250,70,29,29,8,19,0,2,0,0,35
Chris Mazza,TBR,0,0,4.61,14,0,0,0,1,0,0,27.1,112,26,14,14,3,7,1,2,3,0,21
Anthony Misiewicz,SEA,5,5,4.61,66,0,0,0,0,19,5,54.2,236,61,30,28,7,15,2,1,6,0,53
Seth Elledge,STL,0,0,4.63,11,0,0,0,0,0,0,11.2,52,13,6,6,1,7,0,1,1,0,11
Aaron Nola,PHI,9,9,4.63,32,32,1,1,0,0,0,180.2,749,165,95,93,26,39,1,9,0,1,223
Tony Watson,LAA,3,3,4.64,36,0,0,0,0,12,3,33,135,25,18,17,3,14,1,0,0,0,25
Kenta Maeda,MIN,6,5,4.66,21,21,0,0,0,0,0,106.1,453,106,60,55,16,32,1,7,3,0,113
Chris Archer,TBR,1,1,4.66,6,5,0,0,0,0,0,19.1,83,18,11,10,3,8,0,0,1,0,21
Jose Quintana,SFG,0,0,4.66,5,0,0,0,0,0,0,9.2,43,8,5,5,3,6,1,0,2,1,12
Taylor Hearn,TEX,6,6,4.66,42,11,0,0,0,1,1,104.1,441,96,58,54,17,42,1,3,6,0,92
Zach Plesac,CLE,10,6,4.67,25,25,0,0,0,0,0,142.2,598,137,79,74,23,34,1,7,5,1,100
Sergio Romo,OAK,1,1,4.67,66,0,0,0,3,12,4,61.2,259,56,33,32,9,21,2,2,1,0,60
Sean Poppen,ARI,1,1,4.67,20,0,0,0,1,1,0,17.1,82,20,11,9,1,7,2,2,2,0,21
Madison Bumgarner,ARI,7,10,4.67,26,26,1,1,0,0,0,146.1,613,134,82,76,24,39,2,11,2,1,124
Logan Gilbert,SEA,6,5,4.68,24,24,0,0,0,0,0,119.1,503,112,63,62,17,28,2,6,9,0,128
Ervin Santana,KCR,2,2,4.68,38,2,0,0,0,0,0,65.1,277,65,35,34,9,22,1,2,7,2,52
Lewis Thorpe,MIN,0,2,4.7,5,4,0,0,0,0,0,15.1,66,14,11,8,2,7,0,0,1,0,6
A.J. Alexy,TEX,3,1,4.7,5,4,0,0,0,0,0,23,97,13,12,12,4,17,0,1,0,0,17
Justin Garza,CLE,2,1,4.71,21,0,0,0,0,0,1,28.2,128,27,16,15,5,18,0,0,0,0,29
Sean Newcomb,ATL,2,0,4.73,32,0,0,0,1,2,1,32.1,150,28,17,17,1,27,1,2,5,0,43
Tyler Kinley,COL,3,2,4.73,70,0,0,0,0,10,4,70.1,295,59,37,37,12,26,1,2,4,0,68
Vladimir Gutierrez,CIN,9,6,4.74,22,22,0,0,0,0,0,114,496,115,61,60,20,46,0,4,3,2,88
Martin Perez,BOS,7,8,4.74,36,22,0,0,0,1,0,114,509,136,71,60,19,36,2,9,2,1,97
Eduardo Rodriguez,BOS,13,8,4.74,32,31,0,0,0,0,0,157.2,675,172,87,83,19,47,0,2,0,1,185
Luke Farrell,MIN,1,1,4.74,20,1,0,0,0,1,0,24.2,113,28,13,13,4,13,0,0,0,0,25
Anthony Castro,TOR,1,2,4.74,25,0,0,0,1,1,1,24.2,109,23,15,13,4,8,2,3,4,0,32
Andrew Miller,STL,0,0,4.75,40,0,0,0,0,4,0,36,164,41,19,19,5,16,1,5,1,0,40
Sean Doolittle,SEA,0,0,4.76,11,0,0,0,0,1,0,11.1,50,10,6,6,1,5,0,1,2,0,12
Antonio Santos,COL,0,1,4.76,7,0,0,0,0,0,0,11.1,46,9,7,6,1,5,0,0,2,1,10
Kyle Hendricks,CHC,14,7,4.77,32,32,1,0,0,0,0,181,785,200,101,96,31,44,3,13,2,0,131
Trent Thornton,TOR,1,3,4.78,37,3,0,0,0,0,0,49,216,54,33,26,12,16,1,4,3,0,52
Brooks Raley,HOU,2,3,4.78,58,0,0,0,2,9,3,49,205,43,30,26,6,16,0,3,1,1,65
Ross Stripling,TOR,5,7,4.8,24,19,0,0,0,0,0,101.1,431,99,55,54,23,30,0,2,0,0,94
Tyler Anderson,SEA,2,3,4.81,13,13,0,0,0,0,0,63.2,273,71,35,34,11,13,2,0,1,1,48
Chad Kuhl,PIT,5,7,4.82,28,14,0,0,0,4,2,80.1,349,73,50,43,13,42,0,9,9,0,75
Patrick Murphy,TOR,0,1,4.82,8,0,0,0,0,1,0,9.1,44,12,6,5,1,4,0,2,1,0,6
Oliver Ortega,LAA,1,0,4.82,8,0,0,0,0,0,0,9.1,39,12,5,5,1,2,0,1,0,1,4
Caleb Smith,ARI,4,9,4.83,45,13,0,0,0,2,2,113.2,500,93,64,61,20,63,3,6,2,0,124
Emilio Pagan,SDP,4,3,4.83,67,0,0,0,0,17,5,63.1,263,56,35,34,16,18,0,2,0,0,69
Julian Merryweather,TOR,0,1,4.85,13,1,0,0,2,1,0,13,55,13,7,7,4,4,0,1,2,0,12
Greg Holland,KCR,3,5,4.85,57,0,0,0,8,8,4,55.2,243,49,32,30,9,26,2,1,6,1,53
Austin Davis,BOS,1,1,4.86,19,0,0,0,0,2,2,16.2,75,18,10,9,2,7,2,0,1,0,17
Daniel Castano,MIA,0,2,4.87,5,4,0,0,0,0,0,20.1,92,22,12,11,3,8,0,1,0,0,13
Garrett Richards,BOS,7,8,4.87,40,22,0,0,3,2,0,136.2,617,158,86,74,19,60,1,5,7,0,115
Matt Peacock,ARI,5,7,4.9,35,8,0,0,0,0,0,86.1,386,107,55,47,13,28,5,1,2,1,50
Bryse Wilson,PIT,1,4,4.91,8,8,0,0,0,0,0,40.1,169,40,22,22,8,10,1,0,1,0,23
Brady Singer,KCR,5,10,4.91,27,27,1,0,0,0,0,128.1,586,146,81,70,14,53,1,11,3,1,131
Enyel De Los Santos,PIT,1,0,4.91,7,0,0,0,0,1,0,7.1,36,9,4,4,1,4,1,1,0,1,6
Jon Heasley,KCR,1,1,4.91,3,3,0,0,0,0,0,14.2,59,15,8,8,3,3,0,2,0,0,6
Johan Oviedo,STL,0,5,4.91,14,13,0,0,0,0,0,62.1,288,61,39,34,8,37,2,6,2,0,51
Hansel Robles,MIN,3,4,4.91,45,0,0,0,10,14,2,44,188,37,28,24,6,24,1,3,2,0,43
Joey Krehbiel,BAL,0,0,4.91,5,0,0,0,0,2,0,7.1,30,5,4,4,1,4,0,0,1,0,5
Drew Carlton,DET,0,0,4.91,4,0,0,0,0,0,0,3.2,19,6,2,2,1,4,0,0,0,0,1
Nick Snyder,TEX,0,0,4.91,4,0,0,0,0,1,0,3.2,15,3,2,2,0,3,0,0,0,0,1
Javy Guerra,SDP,0,0,4.91,4,0,0,0,0,0,0,3.2,18,4,2,2,0,2,0,0,0,0,3
Humberto Castellanos,ARI,2,2,4.93,14,7,0,0,0,1,1,45.2,196,48,26,25,7,15,0,2,0,0,29
Clay Holmes,PIT,3,2,4.93,44,0,0,0,0,6,0,42,189,35,24,23,3,25,2,4,5,1,44
Keynan Middleton,SEA,1,2,4.94,32,1,0,0,4,3,0,31,140,30,20,17,2,19,1,2,0,0,24
Andrew Wantz,LAA,1,0,4.94,21,0,0,0,0,0,1,27.1,120,23,17,15,5,11,1,3,1,0,38
Ryan Borucki,TOR,3,1,4.94,24,0,0,0,0,1,1,23.2,98,18,14,13,5,11,0,1,2,0,21
Triston McKenzie,CLE,5,9,4.95,25,24,0,0,0,0,0,120,495,84,66,66,21,58,0,3,2,2,136
Brandon Workman,BOS,1,0,4.95,19,0,0,0,0,2,0,20,93,24,11,11,2,14,2,0,0,1,14
J.D. Hammer,PHI,1,1,4.95,20,0,0,0,0,0,0,20,94,21,11,11,3,11,1,2,1,0,22
Ross Detwiler,MIA,2,1,4.96,46,5,0,0,0,1,0,45.1,200,41,26,25,8,15,0,7,1,0,56
Reiss Knehr,SDP,1,2,4.97,12,5,0,0,0,0,0,29,129,23,16,16,2,20,1,2,3,0,20
Cristopher Sanchez,PHI,1,0,4.97,7,1,0,0,0,0,0,12.2,59,16,8,7,1,7,0,0,0,0,13
Phil Maton,HOU,4,0,4.97,27,0,0,0,0,2,3,25.1,119,28,15,14,2,12,0,3,0,0,24
Taylor Clarke,ARI,1,3,4.98,43,0,0,0,0,7,1,43.1,194,52,28,24,4,14,2,0,2,0,39
Cody Poteet,MIA,2,3,4.99,7,7,0,0,0,0,0,30.2,132,25,17,17,7,16,0,0,1,0,32
Kyle Zimmer,KCR,4,1,5,52,2,0,0,2,10,1,54,223,46,32,30,7,30,1,0,9,0,46
Nick Mears,PIT,1,0,5.01,30,0,0,0,0,3,5,23.1,107,25,14,13,5,13,1,0,3,0,23
Jon Lester,WSN,3,5,5.02,16,16,0,0,0,0,0,75.1,342,91,50,42,14,29,3,1,0,0,51
Josh Osich,CIN,2,0,5.02,17,0,0,0,1,3,2,14.1,60,15,9,8,4,5,0,0,0,0,9
Braxton Garrett,MIA,1,2,5.03,8,7,0,0,0,0,0,34,159,42,20,19,3,20,0,2,4,0,32
Andre Scrubb,HOU,1,1,5.03,18,0,0,0,0,2,2,19.2,86,15,11,11,5,14,0,0,2,0,21
Bruce Zimmermann,BAL,4,5,5.04,14,13,0,0,0,0,0,64.1,285,75,37,36,14,22,0,2,0,1,56
Mike Minor,KCR,8,12,5.05,28,28,0,0,0,0,0,158.2,669,156,92,89,26,41,0,5,4,0,149
Michael Wacha,TBR,3,5,5.05,29,23,0,0,0,1,0,124.2,528,132,73,70,23,31,0,4,5,0,121
Nick Wittgren,CLE,2,9,5.05,60,1,0,0,1,9,0,62.1,258,61,38,35,13,17,5,2,2,0,61
Trevor Williams,CHC,4,2,5.06,13,12,0,0,0,0,0,58.2,264,68,37,33,10,22,0,2,0,0,61
Shelby Miller,PIT,0,1,5.06,10,0,0,0,0,1,0,10.2,44,9,6,6,3,6,0,1,0,0,7
Keone Kela,SDP,2,2,5.06,12,0,0,0,0,1,2,10.2,48,11,8,6,3,3,0,0,2,0,13
Alec Mills,CHC,6,7,5.07,32,20,0,0,1,0,0,119,517,137,75,67,16,34,2,7,4,0,87
Chris Paddack,SDP,7,7,5.07,23,22,0,0,0,0,0,108.1,459,115,67,61,15,22,1,1,2,0,99
Derek Holland,DET,3,2,5.07,39,1,0,0,0,4,0,49.2,225,58,29,28,6,20,1,1,2,0,51
Kyle Gibson,PHI,4,6,5.09,12,11,0,0,0,0,0,69,294,66,40,39,8,23,2,3,0,1,61
Craig Kimbrel,CHW,2,2,5.09,24,0,0,0,1,6,3,23,98,18,13,13,5,10,1,3,5,0,36
Josh Fleming,TBR,10,8,5.09,26,11,0,0,1,3,0,104.1,448,110,60,59,11,31,5,3,0,0,65
Ryan Yarbrough,TBR,9,7,5.11,30,21,1,0,0,0,0,155,653,163,96,88,25,27,2,9,1,1,117
Codi Heuer,CHW,4,1,5.12,40,0,0,0,0,13,0,38.2,166,45,22,22,5,10,0,1,3,0,39
Demarcus Evans,TEX,0,2,5.13,25,0,0,0,0,2,2,26.1,120,24,16,15,4,16,0,1,2,0,33
Hans Crouse,PHI,0,2,5.14,2,2,0,0,0,0,0,7,32,4,4,4,2,7,0,0,0,0,2
Ty Tice,TOR,0,0,5.14,4,0,0,0,0,0,0,7,34,9,4,4,1,4,0,1,0,0,6
Jordan Lyles,TEX,10,13,5.15,32,30,0,0,0,0,0,180,769,194,104,103,38,56,0,7,9,0,146
Albert Abreu,NYY,2,0,5.15,28,0,0,0,1,3,0,36.2,156,27,21,21,8,19,1,3,3,1,35
Tanner Scott,BAL,5,4,5.17,62,0,0,0,0,16,2,54,251,48,34,31,6,37,1,6,10,0,70
Daniel Bard,COL,7,8,5.21,67,0,0,0,20,4,8,65.2,304,69,41,38,8,36,1,7,4,0,80
Daniel Hudson,SDP,1,2,5.21,23,0,0,0,0,2,1,19,83,17,13,11,4,9,1,0,2,0,27
Dan Winkler,CHC,1,3,5.22,47,0,0,0,0,6,1,39.2,190,32,24,23,5,30,1,9,3,0,40
Sal Romano,CIN,0,0,5.23,14,0,0,0,0,0,0,20.2,91,20,14,12,4,9,2,0,0,1,12
Sean Reid-Foley,NYM,2,1,5.23,12,0,0,0,0,0,0,20.2,92,22,15,12,3,9,2,0,1,0,26
Jakob Junis,KCR,2,4,5.26,16,6,0,0,0,0,2,39.1,168,43,24,23,7,12,0,0,2,0,41
Rex Brothers,CHC,3,2,5.26,57,0,0,0,1,8,0,53,236,41,31,31,9,35,2,6,5,0,75
Andrew Heaney,LAA,6,7,5.27,18,18,0,0,0,0,0,94,401,92,56,55,16,31,0,3,3,0,113
Kohl Stewart,CHC,1,1,5.27,4,3,0,0,0,0,0,13.2,64,17,12,8,2,6,0,2,0,0,11
Dallas Keuchel,CHW,9,9,5.28,32,30,0,0,0,0,0,162,720,189,105,95,25,59,1,7,5,0,95
Patrick Murphy,WSN,0,2,5.3,17,0,0,0,0,4,0,18.2,84,19,12,11,2,6,0,2,2,0,23
Josiah Gray,WSN,2,2,5.31,12,12,0,0,0,0,0,62.2,272,56,38,37,15,28,2,2,6,0,63
Ryan Weathers,SDP,4,7,5.32,30,18,0,0,1,0,0,94.2,401,101,57,56,20,30,1,3,2,1,72
Austin Voth,WSN,4,1,5.34,49,1,0,0,0,7,5,57.1,248,57,35,34,10,28,5,1,1,0,59
Eli Morgan,CLE,5,7,5.34,18,18,0,0,0,0,0,89.1,379,90,54,53,20,22,0,4,0,1,81
JT Brubaker,PIT,5,13,5.36,24,24,0,0,0,0,0,124.1,538,123,75,74,28,38,1,9,3,1,129
Brad Keller,KCR,8,12,5.39,26,26,0,0,0,0,0,133.2,613,158,89,80,18,64,1,7,5,0,120
Robert Stock,NYM,0,1,5.4,2,2,0,0,0,0,0,5,23,6,3,3,2,3,0,0,0,0,6
Josh James,HOU,0,0,5.4,5,0,0,0,0,0,0,5,21,4,3,3,1,2,0,0,2,0,8
Noe Ramirez,LAA,0,0,5.4,2,0,0,0,0,0,0,3.1,15,5,2,2,1,1,0,0,0,0,0
Ryan Castellani,COL,0,0,5.4,1,1,0,0,0,0,0,3.1,17,5,2,2,1,4,0,1,0,0,2
Burch Smith,OAK,1,1,5.4,31,0,0,0,0,4,1,43.1,188,49,27,26,5,11,0,1,2,0,28
Hoby Milner,MIL,0,0,5.4,19,0,0,0,0,1,0,21.2,99,30,15,13,8,3,0,2,0,0,30
Yennsy Diaz,NYM,0,2,5.4,20,0,0,0,0,0,0,25,112,25,16,15,5,12,1,1,0,0,21
Jordan Hicks,STL,0,0,5.4,10,0,0,0,0,3,0,10,44,5,6,6,0,10,0,0,3,0,10
Wandy Peralta,SFG,2,1,5.4,10,0,0,0,2,0,1,8.1,37,11,5,5,1,3,0,0,1,1,8
DJ Johnson,CLE,0,0,5.4,1,0,0,0,0,0,0,1.2,7,2,1,1,1,0,0,0,0,0,3
Sal Romano,NYY,0,1,5.4,4,0,0,0,0,1,0,3.1,20,7,2,2,0,2,0,1,0,0,5
Kolby Allard,TEX,3,12,5.41,32,17,0,0,0,1,0,124.2,534,128,80,75,29,31,0,4,4,0,104
Mike Foltynewicz,TEX,2,12,5.44,28,24,0,0,0,0,0,139,586,139,86,84,35,36,0,9,2,0,97
Tyler Chatwood,TOR,1,2,5.46,30,0,0,0,1,10,1,28,125,20,17,17,1,20,0,3,1,0,32
Erick Fedde,WSN,7,9,5.47,29,27,0,0,0,0,1,133.1,590,144,90,81,23,48,6,4,1,1,128
Wil Crowe,PIT,4,8,5.48,26,25,0,0,0,0,0,116.2,524,126,75,71,25,57,1,6,3,1,111
Yimi Garcia,HOU,1,2,5.48,23,0,0,0,0,2,0,21.1,86,18,15,13,3,5,0,0,0,0,25
Mike Wright Jr.,CHW,0,1,5.5,13,0,0,0,0,0,0,18,81,17,12,11,1,11,0,2,2,0,11
Jake Faria,ARI,0,0,5.51,23,3,0,0,0,0,0,32.2,154,39,21,20,5,13,0,2,3,1,32
Alex Claudio,LAA,1,2,5.51,41,0,0,0,1,2,0,32.2,148,37,22,20,6,15,1,0,1,0,30
Ryan Sherriff,TBR,0,1,5.52,16,0,0,0,1,1,1,14.2,72,14,11,9,0,9,0,4,2,0,16
Sam Long,SFG,2,1,5.53,12,5,0,0,0,0,0,40.2,176,37,27,25,5,15,0,3,5,0,38
David Peterson,NYM,2,6,5.54,15,15,0,0,0,0,0,66.2,287,64,44,41,11,29,0,5,6,0,69
Kyle Barraclough,MIN,2,0,5.54,10,0,0,0,0,1,0,13,60,12,8,8,4,8,0,2,0,0,18
Ben Rowen,LAA,0,0,5.56,8,0,0,0,0,0,0,11.1,49,12,8,7,3,2,0,2,0,0,8
Gabe Klobosits,WSN,0,1,5.56,11,0,0,0,0,4,0,11.1,52,13,8,7,0,5,1,1,2,0,5
Austin Davis,PIT,0,1,5.59,10,0,0,0,0,2,1,9.2,42,6,7,6,2,5,0,1,0,0,11
Michael Lorenzen,CIN,1,2,5.59,27,0,0,0,4,11,0,29,125,26,18,18,2,14,0,1,5,0,21
Evan Marshall,CHW,0,2,5.6,27,0,0,0,0,6,4,27.1,113,28,17,17,5,9,1,0,0,0,26
Sam Howard,PIT,3,4,5.6,54,1,0,0,0,11,1,45,199,34,29,28,7,32,1,3,2,0,60
Sam Clay,WSN,0,5,5.6,58,0,0,0,0,11,1,45,214,55,32,28,4,22,5,5,3,0,34
Griffin Canning,LAA,5,4,5.6,14,13,0,0,0,0,0,62.2,277,65,41,39,14,28,0,1,3,0,62
Hyeon-jong Yang,TEX,0,3,5.6,12,4,0,0,0,0,0,35.1,160,42,24,22,9,16,0,1,2,0,25
Fernando Abad,BAL,0,0,5.6,16,0,0,0,0,2,0,17.2,82,23,12,11,1,7,1,0,0,0,10
John Gant,MIN,1,5,5.61,14,7,0,0,0,1,0,33.2,146,31,24,21,4,15,0,1,3,0,36
Anthony Kay,TOR,1,2,5.61,11,5,0,0,0,0,0,33.2,156,38,22,21,7,18,0,3,2,0,39
Bailey Falter,PHI,2,1,5.61,22,1,0,0,0,2,0,33.2,139,34,21,21,5,6,0,2,2,0,34
Rafael Dolis,TOR,2,3,5.63,39,0,0,0,3,3,1,32,156,29,21,20,2,27,2,3,4,1,39
Ramon Rosso,PHI,0,0,5.63,7,0,0,0,0,0,0,8,35,10,6,5,2,3,0,0,2,1,7
Junior Fernandez,STL,1,0,5.66,18,0,0,0,0,0,0,20.2,97,25,13,13,2,15,1,0,1,1,15
Clarke Schmidt,NYY,0,0,5.68,2,1,0,0,0,0,0,6.1,38,11,8,4,1,5,0,1,0,0,6
Daniel Lynch,KCR,4,6,5.69,15,15,0,0,0,0,0,68,311,80,46,43,9,31,0,4,4,1,55
Spencer Howard,PHI,0,2,5.72,11,7,0,0,0,0,0,28.1,127,25,19,18,2,17,0,3,2,0,31
Erasmo Ramirez,DET,1,1,5.74,17,0,0,0,0,0,0,26.2,109,24,17,17,4,5,0,1,0,0,20
Bryan Abreu,HOU,3,3,5.75,31,0,0,0,1,7,4,36,161,35,26,23,4,18,0,3,4,0,36
Nick Ramirez,SDP,1,1,5.75,13,0,0,0,0,0,0,20.1,91,23,15,13,2,7,2,0,0,0,14
Chase De Jong,PIT,1,4,5.77,9,9,0,0,0,0,0,43.2,196,49,28,28,11,19,2,1,0,0,39
Zach Davies,CHC,6,12,5.78,32,32,0,0,0,0,0,148,668,162,99,95,25,75,2,5,0,0,114
Shaun Anderson,SDP,0,0,5.79,5,0,0,0,0,0,0,4.2,22,6,3,3,0,2,1,0,0,0,4
Jake Latz,TEX,0,1,5.79,1,1,0,0,0,0,0,4.2,19,5,3,3,3,0,0,0,0,0,4
Travis Lakins,BAL,1,4,5.79,24,1,0,0,0,3,1,28,123,23,20,18,4,17,0,1,4,1,24
Matt Manning,DET,4,7,5.8,18,18,0,0,0,0,0,85.1,385,96,59,55,10,33,0,3,1,0,57
Edward Cabrera,MIA,0,3,5.81,7,7,0,0,0,0,0,26.1,120,24,20,17,6,19,0,4,3,0,28
Jose Urena,DET,4,8,5.81,26,18,0,0,0,1,0,100.2,456,119,70,65,14,42,0,4,4,0,67
Patrick Corbin,WSN,9,16,5.82,31,31,0,0,0,0,0,171.2,751,192,114,111,37,60,2,3,0,0,143
Phillips Valdez,BOS,2,0,5.85,28,0,0,0,1,2,0,40,177,35,29,26,4,19,1,7,5,0,35
Steven Brault,PIT,0,3,5.86,7,7,0,0,0,0,0,27.2,127,33,18,18,3,12,2,1,0,0,19
Paul Blackburn,OAK,1,4,5.87,9,9,0,0,0,0,0,38.1,175,52,26,25,8,10,0,2,1,0,26
Cesar Valdez,BAL,2,2,5.87,39,0,0,0,8,0,5,46,210,62,32,30,8,14,2,1,2,0,45
Bryse Wilson,ATL,2,3,5.88,8,8,0,0,0,0,0,33.2,153,45,23,22,7,12,2,1,1,1,23
Zack Britton,NYY,0,1,5.89,22,0,0,0,1,11,3,18.1,82,17,14,12,2,14,0,2,2,0,16
John Brebbia,SFG,0,1,5.89,18,0,0,0,0,1,0,18.1,87,25,13,12,4,4,2,2,0,0,22
Daniel Norris,DET,1,3,5.89,38,0,0,0,1,6,2,36.2,157,38,25,24,4,15,1,2,3,0,40
Jason Adam,CHC,1,0,5.91,12,0,0,0,0,2,0,10.2,50,10,7,7,1,6,0,3,0,0,19
Jefry Rodriguez,WSN,0,0,5.92,14,1,0,0,0,0,0,24.1,112,25,16,16,6,17,0,1,4,0,20
Charlie Barnes,MIN,0,3,5.92,9,8,0,0,0,0,0,38,175,46,27,25,4,16,0,4,0,0,20
Joely Rodriguez,TEX,1,3,5.93,31,0,0,0,1,9,1,27.1,128,32,19,18,3,12,1,0,1,0,30
Vince Velasquez,PHI,3,6,5.95,21,17,0,0,0,0,0,81.2,361,76,55,54,17,45,2,4,2,0,85
Joe Jimenez,DET,6,1,5.96,52,0,0,0,1,5,1,45.1,210,34,33,30,6,35,1,8,6,0,57
Ryan Hendrix,CIN,5,1,5.97,36,0,0,0,0,3,1,31.2,142,33,23,21,8,16,2,1,6,0,35
Ryan Weber,SEA,0,0,6,2,0,0,0,0,0,0,3,12,1,2,2,1,2,0,1,0,0,1
Stephen Nogosek,NYM,0,1,6,1,0,0,0,0,0,0,3,12,3,2,2,2,0,0,0,0,0,5
Connor Seabold,BOS,0,0,6,1,1,0,0,0,0,0,3,12,3,2,2,1,2,0,0,0,0,0
Zack Burdi,CHW,0,0,6,6,0,0,0,0,0,0,9,45,13,7,6,3,4,0,2,0,0,6
Dennis Santana,LAD,0,0,6,16,0,0,0,0,1,0,15,74,18,11,10,0,11,1,3,2,0,8
Matt Foster,CHW,2,1,6,37,0,0,0,1,2,1,39,174,43,27,26,9,13,0,2,1,1,40
Riley Smith,ARI,1,4,6.01,24,6,0,0,1,0,0,67.1,301,86,46,45,10,15,2,4,0,0,36
Matt Andriese,BOS,2,3,6.03,26,0,0,0,1,3,3,37.1,177,55,29,25,7,11,0,3,0,1,38
Carlos Carrasco,NYM,1,5,6.04,12,12,0,0,0,0,0,53.2,237,59,39,36,12,18,0,0,1,0,50
Amir Garrett,CIN,0,4,6.04,63,0,0,0,7,7,4,47.2,215,46,34,32,9,29,4,0,5,1,61
Matt Wisler,SFG,1,2,6.05,21,0,0,0,0,3,1,19.1,82,19,13,13,4,6,0,0,0,0,26
Dylan Bundy,LAA,2,9,6.06,23,19,0,0,0,0,0,90.2,397,89,64,61,20,34,0,6,1,0,84
Junior Guerra,LAA,5,2,6.06,41,1,0,0,0,2,2,65.1,307,67,45,44,6,46,1,3,9,2,61
Jorge Lopez,BAL,3,14,6.07,33,25,0,0,0,2,1,121.2,555,142,83,82,21,56,2,10,9,2,112
A.J. Puk,OAK,0,3,6.08,12,0,0,0,0,0,2,13.1,65,18,9,9,1,6,0,1,2,0,16
Paul Fry,BAL,4,5,6.08,52,0,0,0,2,11,2,47.1,215,37,34,32,3,35,0,4,4,0,60
Manuel Rodriguez,CHC,3,3,6.11,20,0,0,0,1,1,0,17.2,83,18,18,12,3,12,1,1,1,0,16
Mitch Keller,PIT,5,11,6.17,23,23,0,0,0,0,0,100.2,470,131,69,69,10,49,1,7,2,0,92
Will Vest,SEA,1,0,6.17,32,0,0,0,0,6,0,35,156,38,25,24,2,18,0,3,3,0,27
Daniel Ponce de Leon,STL,1,1,6.21,24,2,0,0,2,0,1,33.1,158,32,24,23,5,22,1,5,2,0,24
Carlos Martinez,STL,4,9,6.23,16,16,0,0,0,0,0,82.1,363,77,58,57,8,36,2,11,3,0,57
Eric Sogard,CHC,0,0,6.23,5,0,0,0,0,0,0,4.1,21,7,3,3,2,0,0,1,0,0,1
Jordan Weems,OAK,0,0,6.23,5,0,0,0,0,0,0,4.1,18,2,3,3,1,3,0,0,0,0,4
Jimmy Lambert,CHW,1,1,6.23,4,3,0,0,0,0,0,13,60,16,9,9,3,6,0,2,0,1,10
Grant Dayton,ATL,0,0,6.23,13,0,0,0,0,1,0,13,61,15,10,9,2,6,1,0,0,0,14
Daniel Zamora,SEA,2,0,6.23,4,0,0,0,0,0,0,4.1,18,5,4,3,1,1,0,0,0,0,3
Isaac Mattson,BAL,0,0,6.23,4,0,0,0,0,0,0,4.1,23,5,3,3,0,5,0,0,1,0,3
Enoli Paredes,HOU,0,0,6.23,12,0,0,0,0,2,0,8.2,53,7,10,6,0,17,0,2,1,0,15
Tyler Zuber,KCR,0,3,6.26,31,0,0,0,0,4,0,27.1,123,26,20,19,6,17,1,1,2,0,25
Logan Allen,CLE,2,7,6.26,14,11,0,0,0,0,0,50.1,222,58,39,35,12,17,0,4,4,0,37
Alex Young,ARI,2,6,6.26,30,2,0,0,0,3,2,41.2,193,50,34,29,11,20,3,1,2,0,38
Jacob Barnes,NYM,1,1,6.27,19,0,0,0,2,1,0,18.2,79,19,13,13,6,5,0,0,0,0,18
Matt Harvey,BAL,6,14,6.27,28,28,0,0,0,0,0,127.2,582,160,96,89,19,37,1,5,3,0,95
Reymin Guduan,OAK,0,0,6.28,11,0,0,0,0,0,1,14.1,65,19,11,10,1,5,0,0,5,0,5
Max Kranick,PIT,2,3,6.28,9,9,0,0,0,0,0,38.2,182,47,28,27,4,19,3,4,2,0,32
Matt Moore,PHI,2,4,6.29,24,13,0,0,0,1,0,73,334,78,54,51,15,38,4,2,3,0,63
Jacob Barnes,TOR,0,1,6.3,10,0,0,0,0,0,0,10,49,12,7,7,1,6,0,1,0,0,15
Brad Brach,CIN,1,2,6.3,35,0,0,0,1,10,2,30,139,30,26,21,5,18,2,1,2,0,33
Wander Suero,WSN,2,3,6.33,45,0,0,0,0,6,3,42.2,190,45,35,30,11,15,1,4,5,0,44
Scott Kazmir,SFG,0,1,6.35,5,4,0,0,0,0,0,11.1,55,15,9,8,3,6,1,0,0,0,10
Packy Naughton,LAA,0,4,6.35,7,5,0,0,0,0,0,22.2,108,27,18,16,3,14,1,1,0,0,12
Kevin Ginkel,ARI,0,1,6.35,32,0,0,0,0,6,1,28.1,129,30,24,20,7,14,0,2,3,0,31
Sam Selman,LAA,0,1,6.35,18,0,0,0,0,1,0,17,77,16,13,12,1,8,1,4,0,0,11
Angel Perdomo,MIL,1,0,6.35,19,0,0,0,0,0,0,17,79,12,12,12,4,16,2,2,1,1,28
Griffin Jax,MIN,4,5,6.37,18,14,0,0,0,0,0,82,360,82,62,58,23,29,1,5,6,0,65
Buck Farmer,DET,0,0,6.37,36,0,0,0,0,2,1,35.1,171,40,25,25,9,21,1,5,2,0,37
Brandon Kintzler,PHI,2,1,6.37,29,1,0,0,0,2,2,29.2,141,45,23,21,7,8,2,1,0,0,22
Cionel Perez,CIN,1,2,6.38,25,0,0,0,0,0,0,24,111,21,21,17,5,20,1,0,1,0,25
Heath Hembree,CIN,2,7,6.38,45,0,0,0,8,6,2,42.1,179,32,33,30,10,19,0,2,1,0,68
David Hale,PHI,0,2,6.41,17,1,0,0,0,0,1,26.2,116,30,20,19,5,9,1,1,2,0,21
Paul Campbell,MIA,2,3,6.41,16,1,0,0,0,0,0,26.2,124,32,24,19,5,10,0,2,2,0,26
Tommy Milone,TOR,1,0,6.43,6,1,0,0,1,0,0,14,65,20,10,10,3,3,0,0,0,0,17
Tanner Roark,TOR,0,1,6.43,3,1,0,0,0,0,0,7,31,7,7,5,3,2,0,0,0,0,5
Miguel Aguilar,ARI,1,1,6.43,9,0,0,0,0,2,0,7,29,6,6,5,0,4,1,0,0,0,3
Jesus Luzardo,MIA,4,5,6.44,12,12,0,0,0,0,0,57.1,264,60,41,41,9,32,1,4,5,0,58
Chi Chi Gonzalez,COL,3,7,6.46,24,18,0,0,0,0,0,101.2,448,127,74,73,18,28,0,6,2,0,56
Deivi Garcia,NYY,0,2,6.48,2,2,0,0,0,0,0,8.1,38,8,7,6,1,4,0,1,0,0,7
Kyle Keller,PIT,1,1,6.48,32,0,0,0,0,2,0,33.1,155,30,27,24,9,22,2,5,1,0,36
Brett De Geus,ARI,3,2,6.56,28,0,0,0,0,3,2,23.1,111,31,22,17,3,12,1,2,3,0,15
Ben Bowden,COL,3,2,6.56,39,0,0,0,0,1,1,35.2,177,44,30,26,6,21,2,1,1,0,42
Trevor Cahill,PIT,1,5,6.57,9,8,0,0,0,0,0,37,166,42,29,27,4,14,0,1,2,0,32
Josh Tomlin,ATL,4,0,6.57,35,0,0,0,0,1,0,49.1,218,69,36,36,10,5,0,1,0,1,37
Yoan Lopez,ARI,0,0,6.57,13,0,0,0,0,2,3,12.1,61,18,10,9,3,6,2,0,0,0,13
Austin Brice,BOS,0,0,6.59,13,0,0,0,0,0,0,13.2,64,14,10,10,2,7,0,4,0,0,12
T.J. Zeuch,TOR,0,2,6.6,5,3,0,0,0,0,0,15,74,21,16,11,6,9,0,0,0,0,8
Ryan Buchter,ARI,0,2,6.61,18,0,0,0,0,0,1,16.1,78,16,13,12,5,13,1,2,0,1,16
Keegan Akin,BAL,2,10,6.63,24,17,0,0,0,0,0,95,427,110,70,70,17,40,1,2,5,1,82
Kohei Arihara,TEX,2,4,6.64,10,10,0,0,0,0,0,40.2,178,45,31,30,11,13,0,4,1,0,24
Daniel Norris,MIL,1,0,6.64,18,0,0,0,0,1,1,20.1,91,17,16,15,5,15,0,0,2,0,18
Edwin Uceta,LAD,0,3,6.64,14,1,0,0,0,0,0,20.1,92,19,18,15,3,12,1,0,1,1,25
Carson Fulmer,CIN,0,0,6.66,20,0,0,0,0,1,0,25.2,116,26,20,19,3,13,0,3,2,0,24
Zac Lowther,BAL,1,3,6.67,10,6,0,0,0,0,0,29.2,138,36,23,22,6,13,0,4,1,0,30
Sam Hentges,CLE,1,4,6.68,30,12,0,0,0,0,0,68.2,318,90,54,51,10,32,0,0,11,0,68
Adam Plutko,BAL,1,2,6.71,38,1,0,0,1,5,2,56.1,255,65,43,42,17,27,1,3,3,0,44
Matt Bush,TEX,0,0,6.75,4,0,0,0,0,2,0,4,17,4,3,3,3,1,0,0,0,0,5
Tyler Chatwood,SFG,0,1,6.75,2,0,0,0,0,0,0,4,20,6,5,3,1,1,0,1,0,0,6
Josiah Gray,LAD,0,0,6.75,2,1,0,0,0,0,0,8,35,7,6,6,4,5,1,0,1,0,13
Alex Wells,BAL,2,3,6.75,11,8,0,0,0,0,0,42.2,197,53,32,32,10,16,0,3,0,0,26
Cory Abbott,CHC,0,0,6.75,7,1,0,0,0,0,0,17.1,82,20,15,13,7,11,0,0,2,0,12
Eric Yardley,MIL,0,0,6.75,17,0,0,0,0,1,1,18.2,89,24,15,14,3,10,2,3,1,0,5
Chase Anderson,PHI,2,4,6.75,14,9,0,0,0,0,0,48,215,51,36,36,10,20,1,3,0,0,35
Wade Davis,KCR,0,3,6.75,40,0,0,0,2,2,1,42.2,190,44,33,32,8,19,0,2,4,0,38
Jose Quintana,LAA,0,3,6.75,24,10,0,0,0,2,0,53.1,254,66,45,40,9,29,0,1,5,0,73
Thomas Hatch,TOR,0,1,6.75,3,2,0,0,0,0,0,9.1,45,11,7,7,2,6,0,1,2,0,8
Enyel De Los Santos,PHI,1,1,6.75,26,0,0,0,0,1,2,28,137,34,28,21,7,14,3,3,5,0,42
Kyle Ryan,CHC,0,0,6.75,13,0,0,0,1,0,0,13.1,62,17,10,10,3,6,1,0,1,0,8
James Paxton,SEA,0,0,6.75,1,1,0,0,0,0,0,1.1,5,0,1,1,0,1,0,0,1,0,2
James Hoyt,LAA,0,0,6.75,9,0,0,0,0,0,0,8,46,12,10,6,0,7,0,2,0,0,11
Austin Pruitt,HOU,0,1,6.75,2,0,0,0,0,0,0,2.2,12,3,2,2,2,0,0,1,0,0,1
Dan Altavilla,SDP,0,0,6.75,2,0,0,0,0,0,0,1.1,5,1,1,1,1,0,0,0,0,0,2
Brandon Workman,CHC,0,2,6.75,10,0,0,0,0,2,0,8,43,12,9,6,2,7,0,0,1,0,11
Carl Edwards Jr.,TOR,0,0,6.75,6,0,0,0,0,0,1,5.1,26,8,4,4,2,2,0,0,1,0,5
J.A. Happ,MIN,5,6,6.77,19,19,0,0,0,0,0,98.1,445,125,76,74,21,31,0,3,3,0,77
Justus Sheffield,SEA,7,8,6.83,21,15,0,0,0,0,0,80.1,385,105,69,61,14,43,1,5,5,0,63
Jesus Luzardo,OAK,2,4,6.87,13,6,0,0,0,1,0,38,173,46,32,29,11,16,0,0,3,0,40
Jake Arrieta,CHC,5,11,6.88,20,20,0,0,0,0,0,86.1,409,113,75,66,21,39,3,4,3,0,74
Cody Stashak,MIN,0,0,6.89,15,0,0,0,0,2,0,15.2,75,16,12,12,2,10,0,1,1,0,26
Aaron Slegers,LAA,2,2,6.97,29,0,0,0,0,2,2,31,149,43,24,24,6,15,0,1,1,0,25
Eric Hanhold,BAL,0,0,6.97,10,0,0,0,0,0,1,10.1,47,13,9,8,2,3,1,1,4,0,6
Michael Rucker,CHC,0,0,6.99,20,0,0,0,1,0,1,28.1,126,32,25,22,5,11,0,2,0,0,30
JoJo Romero,PHI,0,0,7,11,0,0,0,0,3,0,9,44,12,8,7,4,4,1,1,0,0,8
Cody Ponce,PIT,0,6,7.04,15,2,0,0,0,0,0,38.1,179,56,34,30,8,11,1,1,2,0,36
Taylor Williams,MIA,0,0,7.11,6,0,0,0,0,0,0,6.1,32,9,6,5,1,5,0,0,2,0,3
Thomas Eshelman,BAL,0,3,7.16,9,6,0,0,0,0,0,27.2,126,34,22,22,6,10,0,1,0,0,11
Tommy Nance,CHC,1,1,7.22,27,0,0,0,0,5,0,28.2,127,25,23,23,5,13,0,3,7,0,30
Humberto Mejia,ARI,0,3,7.25,5,5,0,0,0,0,0,22.1,105,32,19,18,5,9,1,0,0,0,20
Rafael Montero,SEA,5,3,7.27,40,0,0,0,7,4,6,43.1,204,56,39,35,4,15,1,5,4,0,37
Brad Hand,TOR,0,2,7.27,11,0,0,0,0,0,1,8.2,41,13,10,7,3,3,0,0,1,0,5
Andrew Heaney,NYY,2,2,7.32,12,5,0,0,0,0,1,35.2,157,38,29,29,13,10,0,3,1,0,37
Stefan Crichton,ARI,0,4,7.33,31,0,0,0,4,5,0,23.1,117,33,22,19,3,12,3,4,3,1,17
Anthony Banda,NYM,1,0,7.36,5,0,0,0,0,0,1,7.1,37,14,8,6,2,1,0,0,1,0,7
Robert Dugger,SEA,0,2,7.36,12,4,0,0,0,0,0,25.2,121,34,24,21,4,12,0,1,1,0,19
Tanner Rainey,WSN,1,3,7.39,38,0,0,0,3,10,3,31.2,151,29,27,26,6,25,1,3,0,0,42
Reid Detmers,LAA,1,3,7.4,5,5,0,0,0,0,0,20.2,101,26,17,17,5,11,1,2,1,0,19
Joe Smith,HOU,1,1,7.48,27,0,0,0,0,1,0,21.2,103,35,18,18,4,4,0,3,2,0,17
Colin Rea,MIL,0,0,7.5,1,0,0,0,0,0,0,6,24,7,5,5,2,0,0,0,0,0,5
Sandy Leon,MIA,0,0,7.5,6,0,0,0,0,0,0,6,26,7,5,5,3,1,0,0,0,0,2
Justin Wilson,NYY,1,1,7.5,21,0,0,0,0,2,1,18,83,18,17,15,5,9,0,1,1,0,15
Dean Kremer,BAL,0,7,7.55,13,13,0,0,0,0,0,53.2,245,63,46,45,17,25,0,1,5,0,47
Bryan Garcia,DET,3,2,7.55,39,0,0,0,2,3,1,39.1,192,48,38,33,10,25,1,2,7,0,32
Yency Almonte,COL,1,3,7.55,48,0,0,0,0,3,3,47.2,217,47,42,40,9,29,1,4,3,0,47
Andrew Albers,MIN,1,2,7.58,5,3,0,0,0,0,0,19,89,24,16,16,9,9,1,1,0,1,12
Randy Dobnak,MIN,1,7,7.64,14,6,0,0,1,0,0,50.2,228,66,44,43,11,12,0,1,2,0,27
Mike Fiers,OAK,0,2,7.71,2,2,0,0,0,0,0,9.1,45,15,8,8,4,4,0,0,0,0,5
Geoff Hartlieb,PIT,0,0,7.71,4,0,0,0,0,0,0,4.2,23,3,4,4,0,5,0,2,0,0,4
Sean Poppen,PIT,0,0,7.71,3,0,0,0,0,0,0,4.2,26,11,7,4,1,2,0,1,0,0,4
Jeremy Beasley,TOR,0,1,7.71,8,0,0,0,0,0,0,9.1,47,7,9,8,3,9,2,2,2,0,13
Tyler Ivey,HOU,0,0,7.71,1,1,0,0,0,0,0,4.2,20,6,4,4,1,1,0,0,1,0,3
Conner Greene,BAL,1,3,7.71,22,1,0,0,0,1,4,23.1,113,30,20,20,1,12,1,3,1,0,24
Brandyn Sittinger,ARI,0,1,7.71,5,0,0,0,0,0,2,4.2,21,5,4,4,3,2,0,1,0,0,1
J.B. Bukauskas,ARI,2,2,7.79,21,0,0,0,0,1,1,17.1,81,24,19,15,4,7,1,0,0,0,14
Alex Young,CLE,0,0,7.84,10,0,0,0,0,1,0,10.1,53,15,9,9,1,7,1,2,1,0,5
Joakim Soria,TOR,0,0,7.88,10,0,0,0,0,2,1,8,34,8,7,7,2,4,0,0,1,0,9
Jovani Moran,MIN,0,0,7.88,5,0,0,0,0,0,0,8,38,9,7,7,0,7,0,0,1,0,10
Jordan Zimmermann,MIL,0,0,7.94,2,0,0,0,0,0,0,5.2,26,8,5,5,1,2,0,1,0,0,0
Kyle Cody,TEX,0,2,7.94,7,0,0,0,0,0,0,11.1,55,16,11,10,3,2,0,3,1,0,14
Ljay Newsome,SEA,1,1,7.98,7,1,0,0,0,0,0,14.2,69,20,14,13,5,3,1,0,1,0,16
Darren McCaughan,SEA,0,0,8,2,1,0,0,0,0,0,9,39,8,8,8,3,4,0,1,0,0,2
David Hess,MIA,2,2,8,14,1,0,0,0,2,2,18,87,24,18,16,7,10,1,1,0,0,16
Adam Kolarek,OAK,0,0,8,12,0,0,0,0,0,0,9,51,15,10,8,2,5,0,1,1,0,4
Matt Shoemaker,MIN,3,8,8.06,16,11,0,0,0,0,0,60.1,284,73,56,54,15,27,1,3,1,0,40
Spenser Watkins,BAL,2,7,8.07,16,10,0,0,0,0,0,54.2,255,74,50,49,14,19,0,2,4,0,35
Matt Strahm,SDP,0,1,8.1,6,1,0,0,0,0,1,6.2,36,15,6,6,0,1,1,0,0,0,4
Darien Nunez,LAD,0,1,8.22,6,1,0,0,0,0,1,7.2,33,8,8,7,3,4,0,0,0,0,8
Nick Margevicius,SEA,0,2,8.25,5,3,0,0,0,0,0,12,60,13,16,11,2,7,0,1,2,0,12
JC Mejia,CLE,1,7,8.25,17,11,0,0,0,0,0,52.1,238,60,48,48,13,24,0,3,2,2,47
Brent Honeywell,TBR,0,0,8.31,3,2,0,0,0,0,0,4.1,21,5,4,4,2,3,0,0,0,0,4
Connor Overton,PIT,0,1,8.31,5,3,0,0,0,0,0,8.2,39,10,8,8,2,3,0,0,0,0,11
Nate Jones,LAD,0,0,8.31,8,0,0,0,0,3,0,8.2,37,8,9,8,4,2,0,0,0,0,7
Jose De Leon,CIN,0,1,8.35,9,2,0,0,0,0,0,18.1,91,22,17,17,4,11,0,2,3,0,33
Trevor Megill,CHC,1,2,8.37,28,0,0,0,0,1,0,23.2,115,36,24,22,7,8,1,1,5,0,30
Miguel Yajure,PIT,0,2,8.4,4,3,0,0,0,0,0,15,68,17,14,14,6,7,0,1,0,0,11
Brett De Geus,TEX,0,0,8.44,19,0,0,0,0,0,0,26.2,127,31,25,25,3,13,0,6,3,0,26
Jesse Biddle,ATL,0,0,8.44,8,0,0,0,0,0,0,10.2,51,10,10,10,1,8,0,2,4,0,11
Alberto Baldonado,WSN,0,1,8.44,14,0,0,0,0,3,4,10.2,49,10,10,10,3,7,0,0,1,0,12
Shane Greene,ATL,0,1,8.47,19,0,0,0,0,2,1,17,83,22,16,16,5,9,0,1,0,0,17
Vince Velasquez,SDP,0,3,8.53,4,4,0,0,0,0,0,12.2,56,15,13,12,6,4,0,0,0,0,16
Shawn Armstrong,BAL,0,0,8.55,20,0,0,0,0,1,1,20,100,28,20,19,5,10,0,1,0,0,22
Chris Devenski,ARI,1,0,8.59,8,0,0,0,1,1,2,7.1,35,11,7,7,2,2,0,1,0,0,5
Justin Lawrence,COL,1,0,8.64,19,0,0,0,0,2,1,16.2,86,21,16,16,0,19,1,0,2,0,17
Jerad Eickhoff,NYM,0,2,8.69,5,4,0,0,0,0,0,19.2,104,30,24,19,9,10,2,3,0,0,13
Wes Benjamin,TEX,0,2,8.74,13,2,0,0,0,0,1,22.2,112,29,23,22,6,17,0,0,1,0,19
Nick Nelson,NYY,0,2,8.79,11,2,0,0,0,0,1,14.1,78,15,16,14,0,16,0,3,5,0,22
Luis Oviedo,PIT,1,2,8.8,22,1,0,0,0,0,0,29.2,147,33,32,29,4,26,1,2,2,0,31
Andrew Romine,CHC,0,0,9,1,0,0,0,0,0,0,1,5,2,1,1,1,0,0,0,0,0,1
Dellin Betances,NYM,0,0,9,1,0,0,0,0,0,0,1,5,0,1,1,0,1,0,1,0,0,1
Bryan Holaday,ARI,0,0,9,1,0,0,0,0,0,0,1,5,1,1,1,1,1,0,1,0,0,0
Noah Syndergaard,NYM,0,1,9,2,2,0,0,0,0,0,2,8,3,2,2,1,0,0,0,0,0,2
Jace Peterson,MIL,0,0,9,2,0,0,0,0,0,0,2,11,4,2,2,0,1,0,0,0,0,2
Luke Maile,MIL,0,0,9,1,0,0,0,0,0,0,1,5,2,1,1,1,0,0,0,0,0,0
Brett Phillips,TBR,0,0,9,1,0,0,0,0,0,0,1,7,2,1,1,0,2,0,0,0,1,0
Yacksel Rios,SEA,0,0,9,3,0,0,0,0,0,0,3,16,5,3,3,0,2,0,1,1,0,2
Austin Wynns,BAL,0,0,9,1,0,0,0,0,0,0,1,4,1,1,1,1,0,0,0,0,0,0
Mike Tauchman,SFG,0,0,9,1,0,0,0,0,0,0,1,6,3,1,1,0,0,0,0,0,0,0
Stevie Wilkerson,BAL,0,0,9,1,0,0,0,0,0,0,1,5,2,1,1,1,0,0,0,0,0,0
Jordan Luplow,TBR,0,0,9,1,0,0,0,0,0,0,1,5,2,1,1,1,0,0,0,0,0,0
David Paulino,PHI,0,0,9,1,0,0,0,0,0,0,2,9,3,2,2,1,0,0,0,0,0,0
Yermin Mercedes,CHW,0,0,9,1,0,0,0,0,0,0,1,7,3,1,1,0,2,0,0,0,0,0
Jimmy Herget,TEX,0,1,9,4,0,0,0,0,1,0,4,18,5,5,4,1,0,0,1,0,0,2
Raynel Espinal,BOS,0,0,9,1,0,0,0,0,0,0,2,8,2,2,2,0,1,0,0,0,0,0
Bernardo Flores Jr.,STL,0,0,9,1,0,0,0,0,0,0,0,3,1,1,1,0,2,0,0,0,0,0
Dylan Lee,ATL,0,0,9,2,0,0,0,0,0,0,2,9,3,2,2,1,0,0,0,0,0,3
Jonathan Arauz,BOS,0,0,9,1,0,0,0,0,0,0,1,5,2,1,1,0,0,0,0,0,0,0
Luis Madero,MIA,0,0,9,6,0,0,0,0,0,0,12,56,13,12,12,3,8,1,1,0,0,4
Shaun Anderson,BAL,0,0,9,7,0,0,0,0,0,0,10,55,17,15,10,3,5,0,1,3,0,7
Jose Marte,LAA,0,1,9,4,0,0,0,0,0,1,4,18,4,5,4,1,3,0,0,0,0,5
Will Harris,WSN,0,1,9,8,0,0,0,0,0,0,6,30,7,6,6,1,3,0,0,0,0,9
Seth Frankoff,ARI,0,2,9.2,4,3,0,0,0,0,0,14.2,74,20,15,15,4,9,0,2,3,0,11
Glenn Otto,TEX,0,3,9.26,6,6,0,0,0,0,0,23.1,111,32,24,24,2,8,0,2,1,0,28
Sean Guenther,MIA,0,1,9.3,14,0,0,0,0,0,0,20.1,103,31,22,21,1,10,1,2,2,0,15
Kyle Nelson,CLE,0,0,9.31,10,0,0,0,0,0,0,9.2,49,10,10,10,0,8,0,2,0,0,8
Dusten Knight,BAL,0,0,9.35,7,0,0,0,0,0,0,8.2,44,11,10,9,1,5,0,0,3,0,11
Shaun Anderson,MIN,0,0,9.35,4,0,0,0,0,0,0,8.2,47,13,12,9,1,5,0,1,0,0,8
Anthony Swarzak,KCR,0,0,9.39,7,0,0,0,0,0,0,7.2,35,13,8,8,3,0,0,1,0,0,5
Mauricio Llovera,PHI,1,0,9.45,6,0,0,0,0,0,0,6.2,35,10,7,7,5,4,0,1,1,0,7
Wade LeBlanc,BAL,0,1,9.45,6,1,0,0,0,0,0,6.2,33,11,7,7,1,1,0,1,2,0,6
Shawn Morimando,MIA,0,0,9.58,4,0,0,0,0,0,0,10.1,54,18,11,11,2,5,0,0,0,0,9
Anthony Swarzak,ARI,0,1,9.64,6,0,0,0,0,0,0,4.2,21,7,5,5,1,1,0,0,0,1,4
Daniel Camarena,SDP,0,1,9.64,6,0,0,0,0,0,0,9.1,47,16,12,10,2,3,1,0,0,0,7
Spencer Howard,TEX,0,3,9.7,8,8,0,0,0,0,0,21.1,102,28,26,23,5,10,0,0,3,0,21
Josh Lindblom,MIL,0,0,9.72,8,0,0,0,0,0,0,16.2,85,23,18,18,5,10,0,3,3,0,17
Alex Blandino,CIN,0,0,9.82,4,0,0,0,0,0,0,3.2,18,4,5,4,1,4,0,0,0,0,1
Mike Baumann,BAL,1,1,9.9,4,0,0,0,0,1,0,10,50,13,12,11,2,6,0,1,0,0,5
Jake Jewell,CHC,0,2,9.9,10,0,0,0,0,0,0,10,51,18,12,11,5,5,0,0,1,0,10
Kyle Wright,ATL,0,1,9.95,2,2,0,0,0,0,0,6.1,35,7,7,7,2,5,0,4,1,0,6
Wyatt Mills,SEA,0,0,9.95,11,0,0,0,0,0,0,12.2,64,19,14,14,1,7,0,1,1,0,11
Hunter Strickland,LAA,0,0,9.95,9,0,0,0,0,0,0,6.1,34,11,9,7,3,4,0,0,0,0,4
Edgar Garcia,MIN,0,0,10.45,6,0,0,0,0,1,0,10.1,48,9,12,12,3,7,0,1,1,0,8
Corbin Martin,ARI,0,3,10.69,5,3,0,0,0,0,0,16,86,23,19,19,5,14,0,1,0,0,13
Julian Fernandez,COL,0,0,10.8,6,0,0,0,0,0,0,6.2,33,9,8,8,2,4,0,0,1,0,4
Jace Fry,CHW,0,1,10.8,6,0,0,0,0,0,0,6.2,31,10,8,8,1,6,0,1,2,0,3
Jake Arrieta,SDP,0,3,10.95,4,4,0,0,0,0,0,12.1,60,18,16,15,3,5,0,2,0,0,9
Peter Lambert,COL,0,0,11.12,2,2,0,0,0,0,0,5.2,30,12,7,7,2,2,0,0,0,0,3
Cam Bedrosian,CIN,0,0,11.12,6,0,0,0,0,0,0,5.2,33,10,7,7,2,6,0,0,0,0,7
Robert Stock,CHC,0,1,11.25,1,1,0,0,0,0,0,4,22,4,5,5,1,6,0,1,1,0,3
Brandon Waddell,MIN,0,1,11.25,4,0,0,0,0,0,0,4,25,10,6,5,2,3,0,0,0,0,1
Jackson Kowar,KCR,0,6,11.27,9,8,0,0,0,0,0,30.1,154,43,38,38,7,20,0,2,8,0,29
Ryan Feltner,COL,0,1,11.37,2,2,0,0,0,0,0,6.1,33,9,8,8,3,5,0,1,0,0,6
Konner Wade,BAL,0,0,11.68,7,0,0,0,0,0,0,12.1,64,23,16,16,3,5,1,0,0,0,11
Ryan Meisinger,CHC,0,0,12.27,7,0,0,0,0,0,0,7.1,38,11,10,10,2,5,0,0,1,0,6
Brooks Kriske,BAL,1,0,12.27,4,0,0,0,0,0,0,3.2,15,5,5,5,2,0,0,0,0,0,4
Aaron Fletcher,SEA,0,0,12.27,4,0,0,0,0,0,0,3.2,20,7,5,5,1,1,0,0,0,0,2
John Curtiss,MIL,0,0,12.46,6,0,0,0,0,3,1,4.1,26,8,8,6,2,3,0,0,0,0,4
Beau Burrows,MIN,0,1,12.54,5,1,0,0,0,0,0,9.1,49,14,14,13,5,8,0,0,0,0,5
Luis Avilan,WSN,0,1,12.6,4,0,0,0,0,0,0,5,27,7,7,7,1,3,0,1,0,0,4
Jon Duplantier,ARI,0,3,13.15,4,4,0,0,0,0,0,13,70,19,19,19,5,8,0,2,0,0,12
Tyler Webb,STL,0,0,13.22,22,0,0,0,0,2,0,16.1,92,22,26,24,1,19,1,0,1,0,14
Brandon Dickson,STL,0,0,13.5,2,0,0,0,0,0,0,2,10,5,3,3,1,0,0,0,0,0,1
Mike Kickham,LAD,0,0,13.5,1,0,0,0,0,0,0,2,12,5,3,3,1,1,0,1,0,0,2
Brady Lail,SEA,0,0,13.5,2,0,0,0,0,0,0,2,10,4,3,3,1,0,0,0,0,0,1
Alec Bettinger,MIL,0,1,13.5,4,1,0,0,0,0,0,10,51,18,15,15,3,3,0,1,1,0,5
Andrew Bellatti,MIA,0,0,13.5,3,0,0,0,0,0,0,3.1,19,6,5,5,0,2,0,0,0,0,4
Jesse Hahn,KCR,0,0,13.5,5,0,0,0,1,1,2,3.1,19,5,5,5,2,4,0,1,1,0,3
Manny Barreda,BAL,1,0,13.5,3,0,0,0,0,0,0,2.2,14,4,4,4,2,2,0,0,0,0,2
Ronald Torreyes,PHI,0,0,13.5,2,0,0,0,0,0,0,2.2,14,6,4,4,2,0,0,0,0,0,1
Riley O'Brien,CIN,0,1,13.5,1,1,0,0,0,0,0,1.1,9,2,2,2,2,3,0,0,0,0,2
Josh Reddick,ARI,0,0,13.5,1,0,0,0,0,0,0,0.2,5,2,1,1,1,1,0,0,0,0,0
Mac Sceroler,BAL,0,0,14.09,5,0,0,0,0,0,0,7.2,48,15,15,12,6,7,0,1,1,0,11
Geoff Hartlieb,NYM,0,0,14.54,3,0,0,0,0,0,0,4.1,27,7,7,7,0,6,0,1,1,0,5
Thomas Szapucki,NYM,0,0,14.73,1,0,0,0,0,0,0,3.2,20,7,6,6,2,3,0,0,0,0,4
John Nogowski,PIT,0,0,15,3,0,0,0,0,0,0,3,16,8,5,5,0,0,0,0,0,0,0
Seth Martinez,HOU,0,0,15,3,0,0,0,0,0,0,3,16,5,5,5,0,3,0,0,0,0,3
Jake Petricka,LAA,0,1,15,7,0,0,0,0,1,1,6,32,6,10,10,1,7,1,1,1,0,8
Justin Miller,WSN,0,0,15,5,0,0,0,0,1,0,3,15,5,5,5,3,1,0,0,0,0,4
Brad Peacock,BOS,0,1,15.19,2,1,0,0,0,0,0,5.1,26,6,9,9,2,3,0,1,0,0,3
Brooks Kriske,NYY,1,1,15.26,8,0,0,0,0,0,1,7.2,41,12,14,13,5,6,0,1,5,0,7
Trevor Hildenberger,NYM,0,0,15.43,2,0,0,0,0,0,0,2.1,14,3,4,4,1,3,0,1,1,0,4
Zack Godley,MIL,0,1,16.2,2,1,0,0,0,0,1,3.1,20,4,7,6,2,5,0,1,2,1,5
Michael Feliz,CIN,0,0,16.2,9,0,0,0,1,0,0,6.2,37,13,12,12,2,4,0,0,1,0,9
Javy Guerra,WSN,0,1,16.5,6,0,0,0,0,0,0,6,37,12,13,11,3,3,0,3,1,0,4
Jake Newberry,KCR,0,0,16.62,4,0,0,0,0,0,0,4.1,24,10,8,8,2,3,0,0,1,0,5
Edgar Garcia,CIN,0,1,16.62,5,0,0,0,0,0,1,4.1,24,10,10,8,2,1,0,0,1,0,4
Ryan Weber,BOS,0,0,17.47,1,0,0,0,0,0,0,5.2,30,13,11,11,4,2,0,0,0,0,7
Blaine Hardy,MIL,0,1,18,1,0,0,0,0,0,0,1,7,3,3,2,0,1,0,0,0,0,1
Darin Ruf,SFG,0,0,18,1,0,0,0,0,0,0,1,6,3,2,2,0,0,0,0,0,0,0
Andy Burns,LAD,0,0,18,1,0,0,0,0,0,0,1,6,3,2,2,1,0,0,0,0,0,1
Anthony Bemboom,LAA,0,0,18,1,0,0,0,0,0,0,1,7,3,2,2,1,0,0,0,0,0,0
Stephen Tarpley,NYM,0,0,18,1,0,0,0,0,0,0,0,4,1,2,2,0,2,0,1,0,0,0
Luis Guillorme,NYM,0,0,18,1,0,0,0,0,0,0,1,7,3,2,2,0,1,0,0,0,0,0
Vinny Nittoli,SEA,0,0,18,1,0,0,0,0,0,0,1,6,1,2,2,1,2,0,0,0,0,1
Phil Bickford,MIL,0,0,18,1,0,0,0,0,0,0,1,7,2,2,2,1,1,0,1,0,0,0
Jake Rogers,DET,0,0,18,1,0,0,0,0,0,0,1,6,2,2,2,0,1,0,0,0,0,0
Mickey Jannis,BAL,0,0,18.9,1,0,0,0,0,0,0,3.1,21,8,7,7,3,4,0,0,0,0,1
Cooper Criswell,LAA,0,1,20.25,1,1,0,0,0,0,0,1.1,10,6,3,3,0,0,0,0,0,0,0
Kyle Lobstein,WSN,0,0,20.25,3,0,0,0,0,0,0,1.1,8,3,3,3,1,1,0,0,0,0,1
Beau Burrows,DET,0,0,21.6,1,0,0,0,0,0,0,1.2,9,2,4,4,0,2,0,0,0,0,3
Kutter Crawford,BOS,0,1,22.5,1,1,0,0,0,0,0,2,13,5,5,5,1,2,0,0,0,0,2
Gregory Santos,SFG,0,2,22.5,3,0,0,0,0,1,0,2,13,5,6,5,3,2,0,0,0,0,3
David Peralta,ARI,0,0,27,1,0,0,0,0,0,0,1,9,4,3,3,1,0,0,1,0,0,1
Sal Romano,MIL,0,1,27,1,0,0,0,0,0,0,1,7,4,4,3,1,0,0,0,0,0,0
Albert Almora Jr.,NYM,0,0,27,1,0,0,0,0,0,0,1,6,1,3,3,1,1,0,1,0,0,0
David Hess,TBR,0,0,27,1,0,0,0,0,0,0,2,15,8,6,6,3,1,0,0,0,0,2
Francisco Mejia,TBR,0,0,27,2,0,0,0,0,0,0,2,14,6,6,6,1,0,0,2,0,0,0
Tyler Beede,SFG,0,0,27,1,0,0,0,0,0,0,1,6,2,3,3,0,0,0,1,1,0,2
Jonathan Stiever,CHW,0,0,27,1,0,0,0,0,0,0,0,4,4,3,3,0,0,0,0,0,0,0
Jay Flaa,ATL,0,0,27,1,0,0,0,0,0,0,1.1,8,3,4,4,2,1,0,0,0,0,2
Elvis Peguero,LAA,0,1,27,3,0,0,0,0,0,0,2.1,17,7,7,7,0,3,0,1,0,0,0
Chaz Roe,TBR,0,0,27,1,0,0,0,0,1,0,0.2,4,1,2,2,0,1,0,0,0,0,2
Brandon Drury,NYM,0,0,27,1,0,0,0,0,0,0,0.2,7,3,2,2,1,1,0,1,0,0,0
Kevin Quackenbush,LAD,0,0,27,1,0,0,0,0,0,0,0.1,4,3,1,1,0,0,0,0,0,0,1
Justin Topa,MIL,0,0,29.7,4,0,0,0,0,0,0,3.1,23,12,11,11,2,1,1,0,0,0,1
Shelby Miller,CHC,0,0,31.5,3,0,0,0,0,0,0,2,18,7,7,7,0,5,0,0,0,0,1
Keury Mella,ARI,0,0,32.4,2,0,0,0,0,0,0,1.2,15,8,6,6,2,2,0,0,0,0,2
Jorge Guzman,MIA,0,0,32.4,2,0,0,0,0,0,0,1.2,15,4,6,6,0,6,1,0,0,0,3
Jesus Tinoco,COL,0,0,33.75,1,0,0,0,0,0,0,1.1,10,5,5,5,3,1,0,1,0,0,0
Colten Brewer,BOS,0,0,36,1,0,0,0,0,0,0,1,9,4,4,4,0,3,0,0,0,0,1
Robel Garcia,HOU,0,0,36,1,0,0,0,0,0,0,1,8,5,4,4,2,0,0,0,0,0,0
Wilmer Difo,PIT,0,0,36,2,0,0,0,0,0,0,2,18,9,8,8,1,3,0,0,0,0,1
Neftali Feliz,PHI,0,1,36,2,0,0,0,0,0,1,1,9,4,4,4,1,1,0,1,0,0,2
Felix Pena,LAA,0,0,37.8,2,0,0,0,0,0,0,1.2,16,7,7,7,0,4,0,0,1,0,2
Jordan Weems,ARI,0,1,47.25,2,0,0,0,0,0,1,1.1,12,4,7,7,1,3,1,1,1,0,3
John Axford,MIL,0,0,54,1,0,0,0,0,0,0,0.1,5,2,2,2,0,1,0,1,0,0,0
Carl Edwards Jr.,ATL,0,0,81,1,0,0,0,0,0,0,0.1,5,3,3,3,1,1,0,0,1,0,1
Roel Ramirez,STL,0,0,81,1,0,0,0,0,0,0,0.1,4,1,3,3,0,2,0,0,0,0,0
